[{"__metadata":{"uri":"https://services.odata.org/V2/Northwind/Northwind.svc/Order_Subtotals(10248)","type":"NorthwindModel.Order_Subtotal"},"OrderID":10248,"Subtotal":"440.0000"},{"__metadata":{"uri":"https://services.odata.org/V2/Northwind/Northwind.svc/Order_Subtotals(10249)","type":"NorthwindModel.Order_Subtotal"},"OrderID":10249,"Subtotal":"1863.4000"},{"__metadata":{"uri":"https://services.odata.org/V2/Northwind/Northwind.svc/Order_Subtotals(10250)","type":"NorthwindModel.Order_Subtotal"},"OrderID":10250,"Subtotal":"1552.6000"},{"__metadata":{"uri":"https://services.odata.org/V2/Northwind/Northwind.svc/Order_Subtotals(10251)","type":"NorthwindModel.Order_Subtotal"},"OrderID":10251,"Subtotal":"654.0600"},{"__metadata":{"uri":"https://services.odata.org/V2/Northwind/Northwind.svc/Order_Subtotals(10252)","type":"NorthwindModel.Order_Subtotal"},"OrderID":10252,"Subtotal":"3597.9000"},{"__metadata":{"uri":"https://services.odata.org/V2/Northwind/Northwind.svc/Order_Subtotals(10253)","type":"NorthwindModel.Order_Subtotal"},"OrderID":10253,"Subtotal":"1444.8000"},{"__metadata":{"uri":"https://services.odata.org/V2/Northwind/Northwind.svc/Order_Subtotals(10254)","type":"NorthwindModel.Order_Subtotal"},"OrderID":10254,"Subtotal":"556.6200"},{"__metadata":{"uri":"https://services.odata.org/V2/Northwind/Northwind.svc/Order_Subtotals(10255)","type":"NorthwindModel.Order_Subtotal"},"OrderID":10255,"Subtotal":"2490.5000"},{"__metadata":{"uri":"https://services.odata.org/V2/Northwind/Northwind.svc/Order_Subtotals(10256)","type":"NorthwindModel.Order_Subtotal"},"OrderID":10256,"Subtotal":"517.8000"},{"__metadata":{"uri":"https://services.odata.org/V2/Northwind/Northwind.svc/Order_Subtotals(10257)","type":"NorthwindModel.Order_Subtotal"},"OrderID":10257,"Subtotal":"1119.9000"},{"__metadata":{"uri":"https://services.odata.org/V2/Northwind/Northwind.svc/Order_Subtotals(10258)","type":"NorthwindModel.Order_Subtotal"},"OrderID":10258,"Subtotal":"1614.8800"},{"__metadata":{"uri":"https://services.odata.org/V2/Northwind/Northwind.svc/Order_Subtotals(10259)","type":"NorthwindModel.Order_Subtotal"},"OrderID":10259,"Subtotal":"100.8000"},{"__metadata":{"uri":"https://services.odata.org/V2/Northwind/Northwind.svc/Order_Subtotals(10260)","type":"NorthwindModel.Order_Subtotal"},"OrderID":10260,"Subtotal":"1504.6500"},{"__metadata":{"uri":"https://services.odata.org/V2/Northwind/Northwind.svc/Order_Subtotals(10261)","type":"NorthwindModel.Order_Subtotal"},"OrderID":10261,"Subtotal":"448.0000"},{"__metadata":{"uri":"https://services.odata.org/V2/Northwind/Northwind.svc/Order_Subtotals(10262)","type":"NorthwindModel.Order_Subtotal"},"OrderID":10262,"Subtotal":"584.0000"},{"__metadata":{"uri":"https://services.odata.org/V2/Northwind/Northwind.svc/Order_Subtotals(10263)","type":"NorthwindModel.Order_Subtotal"},"OrderID":10263,"Subtotal":"1873.8000"},{"__metadata":{"uri":"https://services.odata.org/V2/Northwind/Northwind.svc/Order_Subtotals(10264)","type":"NorthwindModel.Order_Subtotal"},"OrderID":10264,"Subtotal":"695.6300"},{"__metadata":{"uri":"https://services.odata.org/V2/Northwind/Northwind.svc/Order_Subtotals(10265)","type":"NorthwindModel.Order_Subtotal"},"OrderID":10265,"Subtotal":"1176.0000"},{"__metadata":{"uri":"https://services.odata.org/V2/Northwind/Northwind.svc/Order_Subtotals(10266)","type":"NorthwindModel.Order_Subtotal"},"OrderID":10266,"Subtotal":"346.5600"},{"__metadata":{"uri":"https://services.odata.org/V2/Northwind/Northwind.svc/Order_Subtotals(10267)","type":"NorthwindModel.Order_Subtotal"},"OrderID":10267,"Subtotal":"3536.6000"},{"__metadata":{"uri":"https://services.odata.org/V2/Northwind/Northwind.svc/Order_Subtotals(10268)","type":"NorthwindModel.Order_Subtotal"},"OrderID":10268,"Subtotal":"1101.2000"},{"__metadata":{"uri":"https://services.odata.org/V2/Northwind/Northwind.svc/Order_Subtotals(10269)","type":"NorthwindModel.Order_Subtotal"},"OrderID":10269,"Subtotal":"642.2000"},{"__metadata":{"uri":"https://services.odata.org/V2/Northwind/Northwind.svc/Order_Subtotals(10270)","type":"NorthwindModel.Order_Subtotal"},"OrderID":10270,"Subtotal":"1376.0000"},{"__metadata":{"uri":"https://services.odata.org/V2/Northwind/Northwind.svc/Order_Subtotals(10271)","type":"NorthwindModel.Order_Subtotal"},"OrderID":10271,"Subtotal":"48.0000"},{"__metadata":{"uri":"https://services.odata.org/V2/Northwind/Northwind.svc/Order_Subtotals(10272)","type":"NorthwindModel.Order_Subtotal"},"OrderID":10272,"Subtotal":"1456.0000"},{"__metadata":{"uri":"https://services.odata.org/V2/Northwind/Northwind.svc/Order_Subtotals(10273)","type":"NorthwindModel.Order_Subtotal"},"OrderID":10273,"Subtotal":"2037.2800"},{"__metadata":{"uri":"https://services.odata.org/V2/Northwind/Northwind.svc/Order_Subtotals(10274)","type":"NorthwindModel.Order_Subtotal"},"OrderID":10274,"Subtotal":"538.6000"},{"__metadata":{"uri":"https://services.odata.org/V2/Northwind/Northwind.svc/Order_Subtotals(10275)","type":"NorthwindModel.Order_Subtotal"},"OrderID":10275,"Subtotal":"291.8400"},{"__metadata":{"uri":"https://services.odata.org/V2/Northwind/Northwind.svc/Order_Subtotals(10276)","type":"NorthwindModel.Order_Subtotal"},"OrderID":10276,"Subtotal":"420.0000"},{"__metadata":{"uri":"https://services.odata.org/V2/Northwind/Northwind.svc/Order_Subtotals(10277)","type":"NorthwindModel.Order_Subtotal"},"OrderID":10277,"Subtotal":"1200.8000"},{"__metadata":{"uri":"https://services.odata.org/V2/Northwind/Northwind.svc/Order_Subtotals(10278)","type":"NorthwindModel.Order_Subtotal"},"OrderID":10278,"Subtotal":"1488.8000"},{"__metadata":{"uri":"https://services.odata.org/V2/Northwind/Northwind.svc/Order_Subtotals(10279)","type":"NorthwindModel.Order_Subtotal"},"OrderID":10279,"Subtotal":"351.0000"},{"__metadata":{"uri":"https://services.odata.org/V2/Northwind/Northwind.svc/Order_Subtotals(10280)","type":"NorthwindModel.Order_Subtotal"},"OrderID":10280,"Subtotal":"613.2000"},{"__metadata":{"uri":"https://services.odata.org/V2/Northwind/Northwind.svc/Order_Subtotals(10281)","type":"NorthwindModel.Order_Subtotal"},"OrderID":10281,"Subtotal":"86.5000"},{"__metadata":{"uri":"https://services.odata.org/V2/Northwind/Northwind.svc/Order_Subtotals(10282)","type":"NorthwindModel.Order_Subtotal"},"OrderID":10282,"Subtotal":"155.4000"},{"__metadata":{"uri":"https://services.odata.org/V2/Northwind/Northwind.svc/Order_Subtotals(10283)","type":"NorthwindModel.Order_Subtotal"},"OrderID":10283,"Subtotal":"1414.8000"},{"__metadata":{"uri":"https://services.odata.org/V2/Northwind/Northwind.svc/Order_Subtotals(10284)","type":"NorthwindModel.Order_Subtotal"},"OrderID":10284,"Subtotal":"1170.3800"},{"__metadata":{"uri":"https://services.odata.org/V2/Northwind/Northwind.svc/Order_Subtotals(10285)","type":"NorthwindModel.Order_Subtotal"},"OrderID":10285,"Subtotal":"1743.3600"},{"__metadata":{"uri":"https://services.odata.org/V2/Northwind/Northwind.svc/Order_Subtotals(10286)","type":"NorthwindModel.Order_Subtotal"},"OrderID":10286,"Subtotal":"3016.0000"},{"__metadata":{"uri":"https://services.odata.org/V2/Northwind/Northwind.svc/Order_Subtotals(10287)","type":"NorthwindModel.Order_Subtotal"},"OrderID":10287,"Subtotal":"819.0000"},{"__metadata":{"uri":"https://services.odata.org/V2/Northwind/Northwind.svc/Order_Subtotals(10288)","type":"NorthwindModel.Order_Subtotal"},"OrderID":10288,"Subtotal":"80.1000"},{"__metadata":{"uri":"https://services.odata.org/V2/Northwind/Northwind.svc/Order_Subtotals(10289)","type":"NorthwindModel.Order_Subtotal"},"OrderID":10289,"Subtotal":"479.4000"},{"__metadata":{"uri":"https://services.odata.org/V2/Northwind/Northwind.svc/Order_Subtotals(10290)","type":"NorthwindModel.Order_Subtotal"},"OrderID":10290,"Subtotal":"2169.0000"},{"__metadata":{"uri":"https://services.odata.org/V2/Northwind/Northwind.svc/Order_Subtotals(10291)","type":"NorthwindModel.Order_Subtotal"},"OrderID":10291,"Subtotal":"497.5200"},{"__metadata":{"uri":"https://services.odata.org/V2/Northwind/Northwind.svc/Order_Subtotals(10292)","type":"NorthwindModel.Order_Subtotal"},"OrderID":10292,"Subtotal":"1296.0000"},{"__metadata":{"uri":"https://services.odata.org/V2/Northwind/Northwind.svc/Order_Subtotals(10293)","type":"NorthwindModel.Order_Subtotal"},"OrderID":10293,"Subtotal":"848.7000"},{"__metadata":{"uri":"https://services.odata.org/V2/Northwind/Northwind.svc/Order_Subtotals(10294)","type":"NorthwindModel.Order_Subtotal"},"OrderID":10294,"Subtotal":"1887.6000"},{"__metadata":{"uri":"https://services.odata.org/V2/Northwind/Northwind.svc/Order_Subtotals(10295)","type":"NorthwindModel.Order_Subtotal"},"OrderID":10295,"Subtotal":"121.6000"},{"__metadata":{"uri":"https://services.odata.org/V2/Northwind/Northwind.svc/Order_Subtotals(10296)","type":"NorthwindModel.Order_Subtotal"},"OrderID":10296,"Subtotal":"1050.6000"},{"__metadata":{"uri":"https://services.odata.org/V2/Northwind/Northwind.svc/Order_Subtotals(10297)","type":"NorthwindModel.Order_Subtotal"},"OrderID":10297,"Subtotal":"1420.0000"},{"__metadata":{"uri":"https://services.odata.org/V2/Northwind/Northwind.svc/Order_Subtotals(10298)","type":"NorthwindModel.Order_Subtotal"},"OrderID":10298,"Subtotal":"2645.0000"},{"__metadata":{"uri":"https://services.odata.org/V2/Northwind/Northwind.svc/Order_Subtotals(10299)","type":"NorthwindModel.Order_Subtotal"},"OrderID":10299,"Subtotal":"349.5000"},{"__metadata":{"uri":"https://services.odata.org/V2/Northwind/Northwind.svc/Order_Subtotals(10300)","type":"NorthwindModel.Order_Subtotal"},"OrderID":10300,"Subtotal":"608.0000"},{"__metadata":{"uri":"https://services.odata.org/V2/Northwind/Northwind.svc/Order_Subtotals(10301)","type":"NorthwindModel.Order_Subtotal"},"OrderID":10301,"Subtotal":"755.0000"},{"__metadata":{"uri":"https://services.odata.org/V2/Northwind/Northwind.svc/Order_Subtotals(10302)","type":"NorthwindModel.Order_Subtotal"},"OrderID":10302,"Subtotal":"2708.8000"},{"__metadata":{"uri":"https://services.odata.org/V2/Northwind/Northwind.svc/Order_Subtotals(10303)","type":"NorthwindModel.Order_Subtotal"},"OrderID":10303,"Subtotal":"1117.8000"},{"__metadata":{"uri":"https://services.odata.org/V2/Northwind/Northwind.svc/Order_Subtotals(10304)","type":"NorthwindModel.Order_Subtotal"},"OrderID":10304,"Subtotal":"954.4000"},{"__metadata":{"uri":"https://services.odata.org/V2/Northwind/Northwind.svc/Order_Subtotals(10305)","type":"NorthwindModel.Order_Subtotal"},"OrderID":10305,"Subtotal":"3741.3000"},{"__metadata":{"uri":"https://services.odata.org/V2/Northwind/Northwind.svc/Order_Subtotals(10306)","type":"NorthwindModel.Order_Subtotal"},"OrderID":10306,"Subtotal":"498.5000"},{"__metadata":{"uri":"https://services.odata.org/V2/Northwind/Northwind.svc/Order_Subtotals(10307)","type":"NorthwindModel.Order_Subtotal"},"OrderID":10307,"Subtotal":"424.0000"},{"__metadata":{"uri":"https://services.odata.org/V2/Northwind/Northwind.svc/Order_Subtotals(10308)","type":"NorthwindModel.Order_Subtotal"},"OrderID":10308,"Subtotal":"88.8000"},{"__metadata":{"uri":"https://services.odata.org/V2/Northwind/Northwind.svc/Order_Subtotals(10309)","type":"NorthwindModel.Order_Subtotal"},"OrderID":10309,"Subtotal":"1762.0000"},{"__metadata":{"uri":"https://services.odata.org/V2/Northwind/Northwind.svc/Order_Subtotals(10310)","type":"NorthwindModel.Order_Subtotal"},"OrderID":10310,"Subtotal":"336.0000"},{"__metadata":{"uri":"https://services.odata.org/V2/Northwind/Northwind.svc/Order_Subtotals(10311)","type":"NorthwindModel.Order_Subtotal"},"OrderID":10311,"Subtotal":"268.8000"},{"__metadata":{"uri":"https://services.odata.org/V2/Northwind/Northwind.svc/Order_Subtotals(10312)","type":"NorthwindModel.Order_Subtotal"},"OrderID":10312,"Subtotal":"1614.8000"},{"__metadata":{"uri":"https://services.odata.org/V2/Northwind/Northwind.svc/Order_Subtotals(10313)","type":"NorthwindModel.Order_Subtotal"},"OrderID":10313,"Subtotal":"182.4000"},{"__metadata":{"uri":"https://services.odata.org/V2/Northwind/Northwind.svc/Order_Subtotals(10314)","type":"NorthwindModel.Order_Subtotal"},"OrderID":10314,"Subtotal":"2094.3000"},{"__metadata":{"uri":"https://services.odata.org/V2/Northwind/Northwind.svc/Order_Subtotals(10315)","type":"NorthwindModel.Order_Subtotal"},"OrderID":10315,"Subtotal":"516.8000"},{"__metadata":{"uri":"https://services.odata.org/V2/Northwind/Northwind.svc/Order_Subtotals(10316)","type":"NorthwindModel.Order_Subtotal"},"OrderID":10316,"Subtotal":"2835.0000"},{"__metadata":{"uri":"https://services.odata.org/V2/Northwind/Northwind.svc/Order_Subtotals(10317)","type":"NorthwindModel.Order_Subtotal"},"OrderID":10317,"Subtotal":"288.0000"},{"__metadata":{"uri":"https://services.odata.org/V2/Northwind/Northwind.svc/Order_Subtotals(10318)","type":"NorthwindModel.Order_Subtotal"},"OrderID":10318,"Subtotal":"240.4000"},{"__metadata":{"uri":"https://services.odata.org/V2/Northwind/Northwind.svc/Order_Subtotals(10319)","type":"NorthwindModel.Order_Subtotal"},"OrderID":10319,"Subtotal":"1191.2000"},{"__metadata":{"uri":"https://services.odata.org/V2/Northwind/Northwind.svc/Order_Subtotals(10320)","type":"NorthwindModel.Order_Subtotal"},"OrderID":10320,"Subtotal":"516.0000"},{"__metadata":{"uri":"https://services.odata.org/V2/Northwind/Northwind.svc/Order_Subtotals(10321)","type":"NorthwindModel.Order_Subtotal"},"OrderID":10321,"Subtotal":"144.0000"},{"__metadata":{"uri":"https://services.odata.org/V2/Northwind/Northwind.svc/Order_Subtotals(10322)","type":"NorthwindModel.Order_Subtotal"},"OrderID":10322,"Subtotal":"112.0000"},{"__metadata":{"uri":"https://services.odata.org/V2/Northwind/Northwind.svc/Order_Subtotals(10323)","type":"NorthwindModel.Order_Subtotal"},"OrderID":10323,"Subtotal":"164.4000"},{"__metadata":{"uri":"https://services.odata.org/V2/Northwind/Northwind.svc/Order_Subtotals(10324)","type":"NorthwindModel.Order_Subtotal"},"OrderID":10324,"Subtotal":"5275.7200"},{"__metadata":{"uri":"https://services.odata.org/V2/Northwind/Northwind.svc/Order_Subtotals(10325)","type":"NorthwindModel.Order_Subtotal"},"OrderID":10325,"Subtotal":"1497.0000"},{"__metadata":{"uri":"https://services.odata.org/V2/Northwind/Northwind.svc/Order_Subtotals(10326)","type":"NorthwindModel.Order_Subtotal"},"OrderID":10326,"Subtotal":"982.0000"},{"__metadata":{"uri":"https://services.odata.org/V2/Northwind/Northwind.svc/Order_Subtotals(10327)","type":"NorthwindModel.Order_Subtotal"},"OrderID":10327,"Subtotal":"1810.0000"},{"__metadata":{"uri":"https://services.odata.org/V2/Northwind/Northwind.svc/Order_Subtotals(10328)","type":"NorthwindModel.Order_Subtotal"},"OrderID":10328,"Subtotal":"1168.0000"},{"__metadata":{"uri":"https://services.odata.org/V2/Northwind/Northwind.svc/Order_Subtotals(10329)","type":"NorthwindModel.Order_Subtotal"},"OrderID":10329,"Subtotal":"4578.4300"},{"__metadata":{"uri":"https://services.odata.org/V2/Northwind/Northwind.svc/Order_Subtotals(10330)","type":"NorthwindModel.Order_Subtotal"},"OrderID":10330,"Subtotal":"1649.0000"},{"__metadata":{"uri":"https://services.odata.org/V2/Northwind/Northwind.svc/Order_Subtotals(10331)","type":"NorthwindModel.Order_Subtotal"},"OrderID":10331,"Subtotal":"88.5000"},{"__metadata":{"uri":"https://services.odata.org/V2/Northwind/Northwind.svc/Order_Subtotals(10332)","type":"NorthwindModel.Order_Subtotal"},"OrderID":10332,"Subtotal":"1786.8800"},{"__metadata":{"uri":"https://services.odata.org/V2/Northwind/Northwind.svc/Order_Subtotals(10333)","type":"NorthwindModel.Order_Subtotal"},"OrderID":10333,"Subtotal":"877.2000"},{"__metadata":{"uri":"https://services.odata.org/V2/Northwind/Northwind.svc/Order_Subtotals(10334)","type":"NorthwindModel.Order_Subtotal"},"OrderID":10334,"Subtotal":"144.8000"},{"__metadata":{"uri":"https://services.odata.org/V2/Northwind/Northwind.svc/Order_Subtotals(10335)","type":"NorthwindModel.Order_Subtotal"},"OrderID":10335,"Subtotal":"2036.1600"},{"__metadata":{"uri":"https://services.odata.org/V2/Northwind/Northwind.svc/Order_Subtotals(10336)","type":"NorthwindModel.Order_Subtotal"},"OrderID":10336,"Subtotal":"285.1200"},{"__metadata":{"uri":"https://services.odata.org/V2/Northwind/Northwind.svc/Order_Subtotals(10337)","type":"NorthwindModel.Order_Subtotal"},"OrderID":10337,"Subtotal":"2467.0000"},{"__metadata":{"uri":"https://services.odata.org/V2/Northwind/Northwind.svc/Order_Subtotals(10338)","type":"NorthwindModel.Order_Subtotal"},"OrderID":10338,"Subtotal":"934.5000"},{"__metadata":{"uri":"https://services.odata.org/V2/Northwind/Northwind.svc/Order_Subtotals(10339)","type":"NorthwindModel.Order_Subtotal"},"OrderID":10339,"Subtotal":"3354.0000"},{"__metadata":{"uri":"https://services.odata.org/V2/Northwind/Northwind.svc/Order_Subtotals(10340)","type":"NorthwindModel.Order_Subtotal"},"OrderID":10340,"Subtotal":"2436.1800"},{"__metadata":{"uri":"https://services.odata.org/V2/Northwind/Northwind.svc/Order_Subtotals(10341)","type":"NorthwindModel.Order_Subtotal"},"OrderID":10341,"Subtotal":"352.6000"},{"__metadata":{"uri":"https://services.odata.org/V2/Northwind/Northwind.svc/Order_Subtotals(10342)","type":"NorthwindModel.Order_Subtotal"},"OrderID":10342,"Subtotal":"1840.6400"},{"__metadata":{"uri":"https://services.odata.org/V2/Northwind/Northwind.svc/Order_Subtotals(10343)","type":"NorthwindModel.Order_Subtotal"},"OrderID":10343,"Subtotal":"1584.0000"},{"__metadata":{"uri":"https://services.odata.org/V2/Northwind/Northwind.svc/Order_Subtotals(10344)","type":"NorthwindModel.Order_Subtotal"},"OrderID":10344,"Subtotal":"2296.0000"},{"__metadata":{"uri":"https://services.odata.org/V2/Northwind/Northwind.svc/Order_Subtotals(10345)","type":"NorthwindModel.Order_Subtotal"},"OrderID":10345,"Subtotal":"2924.8000"},{"__metadata":{"uri":"https://services.odata.org/V2/Northwind/Northwind.svc/Order_Subtotals(10346)","type":"NorthwindModel.Order_Subtotal"},"OrderID":10346,"Subtotal":"1618.8800"},{"__metadata":{"uri":"https://services.odata.org/V2/Northwind/Northwind.svc/Order_Subtotals(10347)","type":"NorthwindModel.Order_Subtotal"},"OrderID":10347,"Subtotal":"814.4200"}]