[{"__metadata":{"uri":"https://services.odata.org/V2/Northwind/Northwind.svc/Orders_Qries(CompanyName='Alfreds%20Futterkiste',OrderID=10643)","type":"NorthwindModel.Orders_Qry"},"OrderID":10643,"CustomerID":"ALFKI","EmployeeID":6,"OrderDate":"1997-08-25T00:00:00.000Z","RequiredDate":"1997-09-22T00:00:00.000Z","ShippedDate":"1997-09-02T00:00:00.000Z","ShipVia":1,"Freight":"29.4600","ShipName":"Alfreds Futterkiste","ShipAddress":"Obere Str. 57","ShipCity":"Berlin","ShipRegion":null,"ShipPostalCode":"12209","ShipCountry":"Germany","CompanyName":"Alfreds Futterkiste","Address":"Obere Str. 57","City":"Berlin","Region":null,"PostalCode":"12209","Country":"Germany"},{"__metadata":{"uri":"https://services.odata.org/V2/Northwind/Northwind.svc/Orders_Qries(CompanyName='Alfreds%20Futterkiste',OrderID=10692)","type":"NorthwindModel.Orders_Qry"},"OrderID":10692,"CustomerID":"ALFKI","EmployeeID":4,"OrderDate":"1997-10-03T00:00:00.000Z","RequiredDate":"1997-10-31T00:00:00.000Z","ShippedDate":"1997-10-13T00:00:00.000Z","ShipVia":2,"Freight":"61.0200","ShipName":"Alfred's Futterkiste","ShipAddress":"Obere Str. 57","ShipCity":"Berlin","ShipRegion":null,"ShipPostalCode":"12209","ShipCountry":"Germany","CompanyName":"Alfreds Futterkiste","Address":"Obere Str. 57","City":"Berlin","Region":null,"PostalCode":"12209","Country":"Germany"},{"__metadata":{"uri":"https://services.odata.org/V2/Northwind/Northwind.svc/Orders_Qries(CompanyName='Alfreds%20Futterkiste',OrderID=10702)","type":"NorthwindModel.Orders_Qry"},"OrderID":10702,"CustomerID":"ALFKI","EmployeeID":4,"OrderDate":"1997-10-13T00:00:00.000Z","RequiredDate":"1997-11-24T00:00:00.000Z","ShippedDate":"1997-10-21T00:00:00.000Z","ShipVia":1,"Freight":"23.9400","ShipName":"Alfred's Futterkiste","ShipAddress":"Obere Str. 57","ShipCity":"Berlin","ShipRegion":null,"ShipPostalCode":"12209","ShipCountry":"Germany","CompanyName":"Alfreds Futterkiste","Address":"Obere Str. 57","City":"Berlin","Region":null,"PostalCode":"12209","Country":"Germany"},{"__metadata":{"uri":"https://services.odata.org/V2/Northwind/Northwind.svc/Orders_Qries(CompanyName='Alfreds%20Futterkiste',OrderID=10835)","type":"NorthwindModel.Orders_Qry"},"OrderID":10835,"CustomerID":"ALFKI","EmployeeID":1,"OrderDate":"1998-01-15T00:00:00.000Z","RequiredDate":"1998-02-12T00:00:00.000Z","ShippedDate":"1998-01-21T00:00:00.000Z","ShipVia":3,"Freight":"69.5300","ShipName":"Alfred's Futterkiste","ShipAddress":"Obere Str. 57","ShipCity":"Berlin","ShipRegion":null,"ShipPostalCode":"12209","ShipCountry":"Germany","CompanyName":"Alfreds Futterkiste","Address":"Obere Str. 57","City":"Berlin","Region":null,"PostalCode":"12209","Country":"Germany"},{"__metadata":{"uri":"https://services.odata.org/V2/Northwind/Northwind.svc/Orders_Qries(CompanyName='Alfreds%20Futterkiste',OrderID=10952)","type":"NorthwindModel.Orders_Qry"},"OrderID":10952,"CustomerID":"ALFKI","EmployeeID":1,"OrderDate":"1998-03-16T00:00:00.000Z","RequiredDate":"1998-04-27T00:00:00.000Z","ShippedDate":"1998-03-24T00:00:00.000Z","ShipVia":1,"Freight":"40.4200","ShipName":"Alfred's Futterkiste","ShipAddress":"Obere Str. 57","ShipCity":"Berlin","ShipRegion":null,"ShipPostalCode":"12209","ShipCountry":"Germany","CompanyName":"Alfreds Futterkiste","Address":"Obere Str. 57","City":"Berlin","Region":null,"PostalCode":"12209","Country":"Germany"},{"__metadata":{"uri":"https://services.odata.org/V2/Northwind/Northwind.svc/Orders_Qries(CompanyName='Alfreds%20Futterkiste',OrderID=11011)","type":"NorthwindModel.Orders_Qry"},"OrderID":11011,"CustomerID":"ALFKI","EmployeeID":3,"OrderDate":"1998-04-09T00:00:00.000Z","RequiredDate":"1998-05-07T00:00:00.000Z","ShippedDate":"1998-04-13T00:00:00.000Z","ShipVia":1,"Freight":"1.2100","ShipName":"Alfred's Futterkiste","ShipAddress":"Obere Str. 57","ShipCity":"Berlin","ShipRegion":null,"ShipPostalCode":"12209","ShipCountry":"Germany","CompanyName":"Alfreds Futterkiste","Address":"Obere Str. 57","City":"Berlin","Region":null,"PostalCode":"12209","Country":"Germany"},{"__metadata":{"uri":"https://services.odata.org/V2/Northwind/Northwind.svc/Orders_Qries(CompanyName='Ana%20Trujillo%20Emparedados%20y%20helados',OrderID=10308)","type":"NorthwindModel.Orders_Qry"},"OrderID":10308,"CustomerID":"ANATR","EmployeeID":7,"OrderDate":"1996-09-18T00:00:00.000Z","RequiredDate":"1996-10-16T00:00:00.000Z","ShippedDate":"1996-09-24T00:00:00.000Z","ShipVia":3,"Freight":"1.6100","ShipName":"Ana Trujillo Emparedados y helados","ShipAddress":"Avda. de la Constitución 2222","ShipCity":"México D.F.","ShipRegion":null,"ShipPostalCode":"05021","ShipCountry":"Mexico","CompanyName":"Ana Trujillo Emparedados y helados","Address":"Avda. de la Constitución 2222","City":"México D.F.","Region":null,"PostalCode":"05021","Country":"Mexico"},{"__metadata":{"uri":"https://services.odata.org/V2/Northwind/Northwind.svc/Orders_Qries(CompanyName='Ana%20Trujillo%20Emparedados%20y%20helados',OrderID=10625)","type":"NorthwindModel.Orders_Qry"},"OrderID":10625,"CustomerID":"ANATR","EmployeeID":3,"OrderDate":"1997-08-08T00:00:00.000Z","RequiredDate":"1997-09-05T00:00:00.000Z","ShippedDate":"1997-08-14T00:00:00.000Z","ShipVia":1,"Freight":"43.9000","ShipName":"Ana Trujillo Emparedados y helados","ShipAddress":"Avda. de la Constitución 2222","ShipCity":"México D.F.","ShipRegion":null,"ShipPostalCode":"05021","ShipCountry":"Mexico","CompanyName":"Ana Trujillo Emparedados y helados","Address":"Avda. de la Constitución 2222","City":"México D.F.","Region":null,"PostalCode":"05021","Country":"Mexico"},{"__metadata":{"uri":"https://services.odata.org/V2/Northwind/Northwind.svc/Orders_Qries(CompanyName='Ana%20Trujillo%20Emparedados%20y%20helados',OrderID=10759)","type":"NorthwindModel.Orders_Qry"},"OrderID":10759,"CustomerID":"ANATR","EmployeeID":3,"OrderDate":"1997-11-28T00:00:00.000Z","RequiredDate":"1997-12-26T00:00:00.000Z","ShippedDate":"1997-12-12T00:00:00.000Z","ShipVia":3,"Freight":"11.9900","ShipName":"Ana Trujillo Emparedados y helados","ShipAddress":"Avda. de la Constitución 2222","ShipCity":"México D.F.","ShipRegion":null,"ShipPostalCode":"05021","ShipCountry":"Mexico","CompanyName":"Ana Trujillo Emparedados y helados","Address":"Avda. de la Constitución 2222","City":"México D.F.","Region":null,"PostalCode":"05021","Country":"Mexico"},{"__metadata":{"uri":"https://services.odata.org/V2/Northwind/Northwind.svc/Orders_Qries(CompanyName='Ana%20Trujillo%20Emparedados%20y%20helados',OrderID=10926)","type":"NorthwindModel.Orders_Qry"},"OrderID":10926,"CustomerID":"ANATR","EmployeeID":4,"OrderDate":"1998-03-04T00:00:00.000Z","RequiredDate":"1998-04-01T00:00:00.000Z","ShippedDate":"1998-03-11T00:00:00.000Z","ShipVia":3,"Freight":"39.9200","ShipName":"Ana Trujillo Emparedados y helados","ShipAddress":"Avda. de la Constitución 2222","ShipCity":"México D.F.","ShipRegion":null,"ShipPostalCode":"05021","ShipCountry":"Mexico","CompanyName":"Ana Trujillo Emparedados y helados","Address":"Avda. de la Constitución 2222","City":"México D.F.","Region":null,"PostalCode":"05021","Country":"Mexico"},{"__metadata":{"uri":"https://services.odata.org/V2/Northwind/Northwind.svc/Orders_Qries(CompanyName='Antonio%20Moreno%20Taquer%C3%ADa',OrderID=10365)","type":"NorthwindModel.Orders_Qry"},"OrderID":10365,"CustomerID":"ANTON","EmployeeID":3,"OrderDate":"1996-11-27T00:00:00.000Z","RequiredDate":"1996-12-25T00:00:00.000Z","ShippedDate":"1996-12-02T00:00:00.000Z","ShipVia":2,"Freight":"22.0000","ShipName":"Antonio Moreno Taquería","ShipAddress":"Mataderos  2312","ShipCity":"México D.F.","ShipRegion":null,"ShipPostalCode":"05023","ShipCountry":"Mexico","CompanyName":"Antonio Moreno Taquería","Address":"Mataderos  2312","City":"México D.F.","Region":null,"PostalCode":"05023","Country":"Mexico"},{"__metadata":{"uri":"https://services.odata.org/V2/Northwind/Northwind.svc/Orders_Qries(CompanyName='Antonio%20Moreno%20Taquer%C3%ADa',OrderID=10507)","type":"NorthwindModel.Orders_Qry"},"OrderID":10507,"CustomerID":"ANTON","EmployeeID":7,"OrderDate":"1997-04-15T00:00:00.000Z","RequiredDate":"1997-05-13T00:00:00.000Z","ShippedDate":"1997-04-22T00:00:00.000Z","ShipVia":1,"Freight":"47.4500","ShipName":"Antonio Moreno Taquería","ShipAddress":"Mataderos  2312","ShipCity":"México D.F.","ShipRegion":null,"ShipPostalCode":"05023","ShipCountry":"Mexico","CompanyName":"Antonio Moreno Taquería","Address":"Mataderos  2312","City":"México D.F.","Region":null,"PostalCode":"05023","Country":"Mexico"},{"__metadata":{"uri":"https://services.odata.org/V2/Northwind/Northwind.svc/Orders_Qries(CompanyName='Antonio%20Moreno%20Taquer%C3%ADa',OrderID=10535)","type":"NorthwindModel.Orders_Qry"},"OrderID":10535,"CustomerID":"ANTON","EmployeeID":4,"OrderDate":"1997-05-13T00:00:00.000Z","RequiredDate":"1997-06-10T00:00:00.000Z","ShippedDate":"1997-05-21T00:00:00.000Z","ShipVia":1,"Freight":"15.6400","ShipName":"Antonio Moreno Taquería","ShipAddress":"Mataderos  2312","ShipCity":"México D.F.","ShipRegion":null,"ShipPostalCode":"05023","ShipCountry":"Mexico","CompanyName":"Antonio Moreno Taquería","Address":"Mataderos  2312","City":"México D.F.","Region":null,"PostalCode":"05023","Country":"Mexico"},{"__metadata":{"uri":"https://services.odata.org/V2/Northwind/Northwind.svc/Orders_Qries(CompanyName='Antonio%20Moreno%20Taquer%C3%ADa',OrderID=10573)","type":"NorthwindModel.Orders_Qry"},"OrderID":10573,"CustomerID":"ANTON","EmployeeID":7,"OrderDate":"1997-06-19T00:00:00.000Z","RequiredDate":"1997-07-17T00:00:00.000Z","ShippedDate":"1997-06-20T00:00:00.000Z","ShipVia":3,"Freight":"84.8400","ShipName":"Antonio Moreno Taquería","ShipAddress":"Mataderos  2312","ShipCity":"México D.F.","ShipRegion":null,"ShipPostalCode":"05023","ShipCountry":"Mexico","CompanyName":"Antonio Moreno Taquería","Address":"Mataderos  2312","City":"México D.F.","Region":null,"PostalCode":"05023","Country":"Mexico"},{"__metadata":{"uri":"https://services.odata.org/V2/Northwind/Northwind.svc/Orders_Qries(CompanyName='Antonio%20Moreno%20Taquer%C3%ADa',OrderID=10677)","type":"NorthwindModel.Orders_Qry"},"OrderID":10677,"CustomerID":"ANTON","EmployeeID":1,"OrderDate":"1997-09-22T00:00:00.000Z","RequiredDate":"1997-10-20T00:00:00.000Z","ShippedDate":"1997-09-26T00:00:00.000Z","ShipVia":3,"Freight":"4.0300","ShipName":"Antonio Moreno Taquería","ShipAddress":"Mataderos  2312","ShipCity":"México D.F.","ShipRegion":null,"ShipPostalCode":"05023","ShipCountry":"Mexico","CompanyName":"Antonio Moreno Taquería","Address":"Mataderos  2312","City":"México D.F.","Region":null,"PostalCode":"05023","Country":"Mexico"},{"__metadata":{"uri":"https://services.odata.org/V2/Northwind/Northwind.svc/Orders_Qries(CompanyName='Antonio%20Moreno%20Taquer%C3%ADa',OrderID=10682)","type":"NorthwindModel.Orders_Qry"},"OrderID":10682,"CustomerID":"ANTON","EmployeeID":3,"OrderDate":"1997-09-25T00:00:00.000Z","RequiredDate":"1997-10-23T00:00:00.000Z","ShippedDate":"1997-10-01T00:00:00.000Z","ShipVia":2,"Freight":"36.1300","ShipName":"Antonio Moreno Taquería","ShipAddress":"Mataderos  2312","ShipCity":"México D.F.","ShipRegion":null,"ShipPostalCode":"05023","ShipCountry":"Mexico","CompanyName":"Antonio Moreno Taquería","Address":"Mataderos  2312","City":"México D.F.","Region":null,"PostalCode":"05023","Country":"Mexico"},{"__metadata":{"uri":"https://services.odata.org/V2/Northwind/Northwind.svc/Orders_Qries(CompanyName='Antonio%20Moreno%20Taquer%C3%ADa',OrderID=10856)","type":"NorthwindModel.Orders_Qry"},"OrderID":10856,"CustomerID":"ANTON","EmployeeID":3,"OrderDate":"1998-01-28T00:00:00.000Z","RequiredDate":"1998-02-25T00:00:00.000Z","ShippedDate":"1998-02-10T00:00:00.000Z","ShipVia":2,"Freight":"58.4300","ShipName":"Antonio Moreno Taquería","ShipAddress":"Mataderos  2312","ShipCity":"México D.F.","ShipRegion":null,"ShipPostalCode":"05023","ShipCountry":"Mexico","CompanyName":"Antonio Moreno Taquería","Address":"Mataderos  2312","City":"México D.F.","Region":null,"PostalCode":"05023","Country":"Mexico"},{"__metadata":{"uri":"https://services.odata.org/V2/Northwind/Northwind.svc/Orders_Qries(CompanyName='Around%20the%20Horn',OrderID=10355)","type":"NorthwindModel.Orders_Qry"},"OrderID":10355,"CustomerID":"AROUT","EmployeeID":6,"OrderDate":"1996-11-15T00:00:00.000Z","RequiredDate":"1996-12-13T00:00:00.000Z","ShippedDate":"1996-11-20T00:00:00.000Z","ShipVia":1,"Freight":"41.9500","ShipName":"Around the Horn","ShipAddress":"Brook Farm Stratford St. Mary","ShipCity":"Colchester","ShipRegion":"Essex","ShipPostalCode":"CO7 6JX","ShipCountry":"UK","CompanyName":"Around the Horn","Address":"120 Hanover Sq.","City":"London","Region":null,"PostalCode":"WA1 1DP","Country":"UK"},{"__metadata":{"uri":"https://services.odata.org/V2/Northwind/Northwind.svc/Orders_Qries(CompanyName='Around%20the%20Horn',OrderID=10383)","type":"NorthwindModel.Orders_Qry"},"OrderID":10383,"CustomerID":"AROUT","EmployeeID":8,"OrderDate":"1996-12-16T00:00:00.000Z","RequiredDate":"1997-01-13T00:00:00.000Z","ShippedDate":"1996-12-18T00:00:00.000Z","ShipVia":3,"Freight":"34.2400","ShipName":"Around the Horn","ShipAddress":"Brook Farm Stratford St. Mary","ShipCity":"Colchester","ShipRegion":"Essex","ShipPostalCode":"CO7 6JX","ShipCountry":"UK","CompanyName":"Around the Horn","Address":"120 Hanover Sq.","City":"London","Region":null,"PostalCode":"WA1 1DP","Country":"UK"},{"__metadata":{"uri":"https://services.odata.org/V2/Northwind/Northwind.svc/Orders_Qries(CompanyName='Around%20the%20Horn',OrderID=10453)","type":"NorthwindModel.Orders_Qry"},"OrderID":10453,"CustomerID":"AROUT","EmployeeID":1,"OrderDate":"1997-02-21T00:00:00.000Z","RequiredDate":"1997-03-21T00:00:00.000Z","ShippedDate":"1997-02-26T00:00:00.000Z","ShipVia":2,"Freight":"25.3600","ShipName":"Around the Horn","ShipAddress":"Brook Farm Stratford St. Mary","ShipCity":"Colchester","ShipRegion":"Essex","ShipPostalCode":"CO7 6JX","ShipCountry":"UK","CompanyName":"Around the Horn","Address":"120 Hanover Sq.","City":"London","Region":null,"PostalCode":"WA1 1DP","Country":"UK"},{"__metadata":{"uri":"https://services.odata.org/V2/Northwind/Northwind.svc/Orders_Qries(CompanyName='Around%20the%20Horn',OrderID=10558)","type":"NorthwindModel.Orders_Qry"},"OrderID":10558,"CustomerID":"AROUT","EmployeeID":1,"OrderDate":"1997-06-04T00:00:00.000Z","RequiredDate":"1997-07-02T00:00:00.000Z","ShippedDate":"1997-06-10T00:00:00.000Z","ShipVia":2,"Freight":"72.9700","ShipName":"Around the Horn","ShipAddress":"Brook Farm Stratford St. Mary","ShipCity":"Colchester","ShipRegion":"Essex","ShipPostalCode":"CO7 6JX","ShipCountry":"UK","CompanyName":"Around the Horn","Address":"120 Hanover Sq.","City":"London","Region":null,"PostalCode":"WA1 1DP","Country":"UK"},{"__metadata":{"uri":"https://services.odata.org/V2/Northwind/Northwind.svc/Orders_Qries(CompanyName='Around%20the%20Horn',OrderID=10707)","type":"NorthwindModel.Orders_Qry"},"OrderID":10707,"CustomerID":"AROUT","EmployeeID":4,"OrderDate":"1997-10-16T00:00:00.000Z","RequiredDate":"1997-10-30T00:00:00.000Z","ShippedDate":"1997-10-23T00:00:00.000Z","ShipVia":3,"Freight":"21.7400","ShipName":"Around the Horn","ShipAddress":"Brook Farm Stratford St. Mary","ShipCity":"Colchester","ShipRegion":"Essex","ShipPostalCode":"CO7 6JX","ShipCountry":"UK","CompanyName":"Around the Horn","Address":"120 Hanover Sq.","City":"London","Region":null,"PostalCode":"WA1 1DP","Country":"UK"},{"__metadata":{"uri":"https://services.odata.org/V2/Northwind/Northwind.svc/Orders_Qries(CompanyName='Around%20the%20Horn',OrderID=10741)","type":"NorthwindModel.Orders_Qry"},"OrderID":10741,"CustomerID":"AROUT","EmployeeID":4,"OrderDate":"1997-11-14T00:00:00.000Z","RequiredDate":"1997-11-28T00:00:00.000Z","ShippedDate":"1997-11-18T00:00:00.000Z","ShipVia":3,"Freight":"10.9600","ShipName":"Around the Horn","ShipAddress":"Brook Farm Stratford St. Mary","ShipCity":"Colchester","ShipRegion":"Essex","ShipPostalCode":"CO7 6JX","ShipCountry":"UK","CompanyName":"Around the Horn","Address":"120 Hanover Sq.","City":"London","Region":null,"PostalCode":"WA1 1DP","Country":"UK"},{"__metadata":{"uri":"https://services.odata.org/V2/Northwind/Northwind.svc/Orders_Qries(CompanyName='Around%20the%20Horn',OrderID=10743)","type":"NorthwindModel.Orders_Qry"},"OrderID":10743,"CustomerID":"AROUT","EmployeeID":1,"OrderDate":"1997-11-17T00:00:00.000Z","RequiredDate":"1997-12-15T00:00:00.000Z","ShippedDate":"1997-11-21T00:00:00.000Z","ShipVia":2,"Freight":"23.7200","ShipName":"Around the Horn","ShipAddress":"Brook Farm Stratford St. Mary","ShipCity":"Colchester","ShipRegion":"Essex","ShipPostalCode":"CO7 6JX","ShipCountry":"UK","CompanyName":"Around the Horn","Address":"120 Hanover Sq.","City":"London","Region":null,"PostalCode":"WA1 1DP","Country":"UK"},{"__metadata":{"uri":"https://services.odata.org/V2/Northwind/Northwind.svc/Orders_Qries(CompanyName='Around%20the%20Horn',OrderID=10768)","type":"NorthwindModel.Orders_Qry"},"OrderID":10768,"CustomerID":"AROUT","EmployeeID":3,"OrderDate":"1997-12-08T00:00:00.000Z","RequiredDate":"1998-01-05T00:00:00.000Z","ShippedDate":"1997-12-15T00:00:00.000Z","ShipVia":2,"Freight":"146.3200","ShipName":"Around the Horn","ShipAddress":"Brook Farm Stratford St. Mary","ShipCity":"Colchester","ShipRegion":"Essex","ShipPostalCode":"CO7 6JX","ShipCountry":"UK","CompanyName":"Around the Horn","Address":"120 Hanover Sq.","City":"London","Region":null,"PostalCode":"WA1 1DP","Country":"UK"},{"__metadata":{"uri":"https://services.odata.org/V2/Northwind/Northwind.svc/Orders_Qries(CompanyName='Around%20the%20Horn',OrderID=10793)","type":"NorthwindModel.Orders_Qry"},"OrderID":10793,"CustomerID":"AROUT","EmployeeID":3,"OrderDate":"1997-12-24T00:00:00.000Z","RequiredDate":"1998-01-21T00:00:00.000Z","ShippedDate":"1998-01-08T00:00:00.000Z","ShipVia":3,"Freight":"4.5200","ShipName":"Around the Horn","ShipAddress":"Brook Farm Stratford St. Mary","ShipCity":"Colchester","ShipRegion":"Essex","ShipPostalCode":"CO7 6JX","ShipCountry":"UK","CompanyName":"Around the Horn","Address":"120 Hanover Sq.","City":"London","Region":null,"PostalCode":"WA1 1DP","Country":"UK"},{"__metadata":{"uri":"https://services.odata.org/V2/Northwind/Northwind.svc/Orders_Qries(CompanyName='Around%20the%20Horn',OrderID=10864)","type":"NorthwindModel.Orders_Qry"},"OrderID":10864,"CustomerID":"AROUT","EmployeeID":4,"OrderDate":"1998-02-02T00:00:00.000Z","RequiredDate":"1998-03-02T00:00:00.000Z","ShippedDate":"1998-02-09T00:00:00.000Z","ShipVia":2,"Freight":"3.0400","ShipName":"Around the Horn","ShipAddress":"Brook Farm Stratford St. Mary","ShipCity":"Colchester","ShipRegion":"Essex","ShipPostalCode":"CO7 6JX","ShipCountry":"UK","CompanyName":"Around the Horn","Address":"120 Hanover Sq.","City":"London","Region":null,"PostalCode":"WA1 1DP","Country":"UK"},{"__metadata":{"uri":"https://services.odata.org/V2/Northwind/Northwind.svc/Orders_Qries(CompanyName='Around%20the%20Horn',OrderID=10920)","type":"NorthwindModel.Orders_Qry"},"OrderID":10920,"CustomerID":"AROUT","EmployeeID":4,"OrderDate":"1998-03-03T00:00:00.000Z","RequiredDate":"1998-03-31T00:00:00.000Z","ShippedDate":"1998-03-09T00:00:00.000Z","ShipVia":2,"Freight":"29.6100","ShipName":"Around the Horn","ShipAddress":"Brook Farm Stratford St. Mary","ShipCity":"Colchester","ShipRegion":"Essex","ShipPostalCode":"CO7 6JX","ShipCountry":"UK","CompanyName":"Around the Horn","Address":"120 Hanover Sq.","City":"London","Region":null,"PostalCode":"WA1 1DP","Country":"UK"},{"__metadata":{"uri":"https://services.odata.org/V2/Northwind/Northwind.svc/Orders_Qries(CompanyName='Around%20the%20Horn',OrderID=10953)","type":"NorthwindModel.Orders_Qry"},"OrderID":10953,"CustomerID":"AROUT","EmployeeID":9,"OrderDate":"1998-03-16T00:00:00.000Z","RequiredDate":"1998-03-30T00:00:00.000Z","ShippedDate":"1998-03-25T00:00:00.000Z","ShipVia":2,"Freight":"23.7200","ShipName":"Around the Horn","ShipAddress":"Brook Farm Stratford St. Mary","ShipCity":"Colchester","ShipRegion":"Essex","ShipPostalCode":"CO7 6JX","ShipCountry":"UK","CompanyName":"Around the Horn","Address":"120 Hanover Sq.","City":"London","Region":null,"PostalCode":"WA1 1DP","Country":"UK"},{"__metadata":{"uri":"https://services.odata.org/V2/Northwind/Northwind.svc/Orders_Qries(CompanyName='Around%20the%20Horn',OrderID=11016)","type":"NorthwindModel.Orders_Qry"},"OrderID":11016,"CustomerID":"AROUT","EmployeeID":9,"OrderDate":"1998-04-10T00:00:00.000Z","RequiredDate":"1998-05-08T00:00:00.000Z","ShippedDate":"1998-04-13T00:00:00.000Z","ShipVia":2,"Freight":"33.8000","ShipName":"Around the Horn","ShipAddress":"Brook Farm Stratford St. Mary","ShipCity":"Colchester","ShipRegion":"Essex","ShipPostalCode":"CO7 6JX","ShipCountry":"UK","CompanyName":"Around the Horn","Address":"120 Hanover Sq.","City":"London","Region":null,"PostalCode":"WA1 1DP","Country":"UK"},{"__metadata":{"uri":"https://services.odata.org/V2/Northwind/Northwind.svc/Orders_Qries(CompanyName='Berglunds%20snabbk%C3%B6p',OrderID=10278)","type":"NorthwindModel.Orders_Qry"},"OrderID":10278,"CustomerID":"BERGS","EmployeeID":8,"OrderDate":"1996-08-12T00:00:00.000Z","RequiredDate":"1996-09-09T00:00:00.000Z","ShippedDate":"1996-08-16T00:00:00.000Z","ShipVia":2,"Freight":"92.6900","ShipName":"Berglunds snabbköp","ShipAddress":"Berguvsvägen  8","ShipCity":"Luleå","ShipRegion":null,"ShipPostalCode":"S-958 22","ShipCountry":"Sweden","CompanyName":"Berglunds snabbköp","Address":"Berguvsvägen  8","City":"Luleå","Region":null,"PostalCode":"S-958 22","Country":"Sweden"},{"__metadata":{"uri":"https://services.odata.org/V2/Northwind/Northwind.svc/Orders_Qries(CompanyName='Berglunds%20snabbk%C3%B6p',OrderID=10280)","type":"NorthwindModel.Orders_Qry"},"OrderID":10280,"CustomerID":"BERGS","EmployeeID":2,"OrderDate":"1996-08-14T00:00:00.000Z","RequiredDate":"1996-09-11T00:00:00.000Z","ShippedDate":"1996-09-12T00:00:00.000Z","ShipVia":1,"Freight":"8.9800","ShipName":"Berglunds snabbköp","ShipAddress":"Berguvsvägen  8","ShipCity":"Luleå","ShipRegion":null,"ShipPostalCode":"S-958 22","ShipCountry":"Sweden","CompanyName":"Berglunds snabbköp","Address":"Berguvsvägen  8","City":"Luleå","Region":null,"PostalCode":"S-958 22","Country":"Sweden"},{"__metadata":{"uri":"https://services.odata.org/V2/Northwind/Northwind.svc/Orders_Qries(CompanyName='Berglunds%20snabbk%C3%B6p',OrderID=10384)","type":"NorthwindModel.Orders_Qry"},"OrderID":10384,"CustomerID":"BERGS","EmployeeID":3,"OrderDate":"1996-12-16T00:00:00.000Z","RequiredDate":"1997-01-13T00:00:00.000Z","ShippedDate":"1996-12-20T00:00:00.000Z","ShipVia":3,"Freight":"168.6400","ShipName":"Berglunds snabbköp","ShipAddress":"Berguvsvägen  8","ShipCity":"Luleå","ShipRegion":null,"ShipPostalCode":"S-958 22","ShipCountry":"Sweden","CompanyName":"Berglunds snabbköp","Address":"Berguvsvägen  8","City":"Luleå","Region":null,"PostalCode":"S-958 22","Country":"Sweden"},{"__metadata":{"uri":"https://services.odata.org/V2/Northwind/Northwind.svc/Orders_Qries(CompanyName='Berglunds%20snabbk%C3%B6p',OrderID=10444)","type":"NorthwindModel.Orders_Qry"},"OrderID":10444,"CustomerID":"BERGS","EmployeeID":3,"OrderDate":"1997-02-12T00:00:00.000Z","RequiredDate":"1997-03-12T00:00:00.000Z","ShippedDate":"1997-02-21T00:00:00.000Z","ShipVia":3,"Freight":"3.5000","ShipName":"Berglunds snabbköp","ShipAddress":"Berguvsvägen  8","ShipCity":"Luleå","ShipRegion":null,"ShipPostalCode":"S-958 22","ShipCountry":"Sweden","CompanyName":"Berglunds snabbköp","Address":"Berguvsvägen  8","City":"Luleå","Region":null,"PostalCode":"S-958 22","Country":"Sweden"},{"__metadata":{"uri":"https://services.odata.org/V2/Northwind/Northwind.svc/Orders_Qries(CompanyName='Berglunds%20snabbk%C3%B6p',OrderID=10445)","type":"NorthwindModel.Orders_Qry"},"OrderID":10445,"CustomerID":"BERGS","EmployeeID":3,"OrderDate":"1997-02-13T00:00:00.000Z","RequiredDate":"1997-03-13T00:00:00.000Z","ShippedDate":"1997-02-20T00:00:00.000Z","ShipVia":1,"Freight":"9.3000","ShipName":"Berglunds snabbköp","ShipAddress":"Berguvsvägen  8","ShipCity":"Luleå","ShipRegion":null,"ShipPostalCode":"S-958 22","ShipCountry":"Sweden","CompanyName":"Berglunds snabbköp","Address":"Berguvsvägen  8","City":"Luleå","Region":null,"PostalCode":"S-958 22","Country":"Sweden"},{"__metadata":{"uri":"https://services.odata.org/V2/Northwind/Northwind.svc/Orders_Qries(CompanyName='Berglunds%20snabbk%C3%B6p',OrderID=10524)","type":"NorthwindModel.Orders_Qry"},"OrderID":10524,"CustomerID":"BERGS","EmployeeID":1,"OrderDate":"1997-05-01T00:00:00.000Z","RequiredDate":"1997-05-29T00:00:00.000Z","ShippedDate":"1997-05-07T00:00:00.000Z","ShipVia":2,"Freight":"244.7900","ShipName":"Berglunds snabbköp","ShipAddress":"Berguvsvägen  8","ShipCity":"Luleå","ShipRegion":null,"ShipPostalCode":"S-958 22","ShipCountry":"Sweden","CompanyName":"Berglunds snabbköp","Address":"Berguvsvägen  8","City":"Luleå","Region":null,"PostalCode":"S-958 22","Country":"Sweden"},{"__metadata":{"uri":"https://services.odata.org/V2/Northwind/Northwind.svc/Orders_Qries(CompanyName='Berglunds%20snabbk%C3%B6p',OrderID=10572)","type":"NorthwindModel.Orders_Qry"},"OrderID":10572,"CustomerID":"BERGS","EmployeeID":3,"OrderDate":"1997-06-18T00:00:00.000Z","RequiredDate":"1997-07-16T00:00:00.000Z","ShippedDate":"1997-06-25T00:00:00.000Z","ShipVia":2,"Freight":"116.4300","ShipName":"Berglunds snabbköp","ShipAddress":"Berguvsvägen  8","ShipCity":"Luleå","ShipRegion":null,"ShipPostalCode":"S-958 22","ShipCountry":"Sweden","CompanyName":"Berglunds snabbköp","Address":"Berguvsvägen  8","City":"Luleå","Region":null,"PostalCode":"S-958 22","Country":"Sweden"},{"__metadata":{"uri":"https://services.odata.org/V2/Northwind/Northwind.svc/Orders_Qries(CompanyName='Berglunds%20snabbk%C3%B6p',OrderID=10626)","type":"NorthwindModel.Orders_Qry"},"OrderID":10626,"CustomerID":"BERGS","EmployeeID":1,"OrderDate":"1997-08-11T00:00:00.000Z","RequiredDate":"1997-09-08T00:00:00.000Z","ShippedDate":"1997-08-20T00:00:00.000Z","ShipVia":2,"Freight":"138.6900","ShipName":"Berglunds snabbköp","ShipAddress":"Berguvsvägen  8","ShipCity":"Luleå","ShipRegion":null,"ShipPostalCode":"S-958 22","ShipCountry":"Sweden","CompanyName":"Berglunds snabbköp","Address":"Berguvsvägen  8","City":"Luleå","Region":null,"PostalCode":"S-958 22","Country":"Sweden"},{"__metadata":{"uri":"https://services.odata.org/V2/Northwind/Northwind.svc/Orders_Qries(CompanyName='Berglunds%20snabbk%C3%B6p',OrderID=10654)","type":"NorthwindModel.Orders_Qry"},"OrderID":10654,"CustomerID":"BERGS","EmployeeID":5,"OrderDate":"1997-09-02T00:00:00.000Z","RequiredDate":"1997-09-30T00:00:00.000Z","ShippedDate":"1997-09-11T00:00:00.000Z","ShipVia":1,"Freight":"55.2600","ShipName":"Berglunds snabbköp","ShipAddress":"Berguvsvägen  8","ShipCity":"Luleå","ShipRegion":null,"ShipPostalCode":"S-958 22","ShipCountry":"Sweden","CompanyName":"Berglunds snabbköp","Address":"Berguvsvägen  8","City":"Luleå","Region":null,"PostalCode":"S-958 22","Country":"Sweden"},{"__metadata":{"uri":"https://services.odata.org/V2/Northwind/Northwind.svc/Orders_Qries(CompanyName='Berglunds%20snabbk%C3%B6p',OrderID=10672)","type":"NorthwindModel.Orders_Qry"},"OrderID":10672,"CustomerID":"BERGS","EmployeeID":9,"OrderDate":"1997-09-17T00:00:00.000Z","RequiredDate":"1997-10-01T00:00:00.000Z","ShippedDate":"1997-09-26T00:00:00.000Z","ShipVia":2,"Freight":"95.7500","ShipName":"Berglunds snabbköp","ShipAddress":"Berguvsvägen  8","ShipCity":"Luleå","ShipRegion":null,"ShipPostalCode":"S-958 22","ShipCountry":"Sweden","CompanyName":"Berglunds snabbköp","Address":"Berguvsvägen  8","City":"Luleå","Region":null,"PostalCode":"S-958 22","Country":"Sweden"},{"__metadata":{"uri":"https://services.odata.org/V2/Northwind/Northwind.svc/Orders_Qries(CompanyName='Berglunds%20snabbk%C3%B6p',OrderID=10689)","type":"NorthwindModel.Orders_Qry"},"OrderID":10689,"CustomerID":"BERGS","EmployeeID":1,"OrderDate":"1997-10-01T00:00:00.000Z","RequiredDate":"1997-10-29T00:00:00.000Z","ShippedDate":"1997-10-07T00:00:00.000Z","ShipVia":2,"Freight":"13.4200","ShipName":"Berglunds snabbköp","ShipAddress":"Berguvsvägen  8","ShipCity":"Luleå","ShipRegion":null,"ShipPostalCode":"S-958 22","ShipCountry":"Sweden","CompanyName":"Berglunds snabbköp","Address":"Berguvsvägen  8","City":"Luleå","Region":null,"PostalCode":"S-958 22","Country":"Sweden"},{"__metadata":{"uri":"https://services.odata.org/V2/Northwind/Northwind.svc/Orders_Qries(CompanyName='Berglunds%20snabbk%C3%B6p',OrderID=10733)","type":"NorthwindModel.Orders_Qry"},"OrderID":10733,"CustomerID":"BERGS","EmployeeID":1,"OrderDate":"1997-11-07T00:00:00.000Z","RequiredDate":"1997-12-05T00:00:00.000Z","ShippedDate":"1997-11-10T00:00:00.000Z","ShipVia":3,"Freight":"110.1100","ShipName":"Berglunds snabbköp","ShipAddress":"Berguvsvägen  8","ShipCity":"Luleå","ShipRegion":null,"ShipPostalCode":"S-958 22","ShipCountry":"Sweden","CompanyName":"Berglunds snabbköp","Address":"Berguvsvägen  8","City":"Luleå","Region":null,"PostalCode":"S-958 22","Country":"Sweden"},{"__metadata":{"uri":"https://services.odata.org/V2/Northwind/Northwind.svc/Orders_Qries(CompanyName='Berglunds%20snabbk%C3%B6p',OrderID=10778)","type":"NorthwindModel.Orders_Qry"},"OrderID":10778,"CustomerID":"BERGS","EmployeeID":3,"OrderDate":"1997-12-16T00:00:00.000Z","RequiredDate":"1998-01-13T00:00:00.000Z","ShippedDate":"1997-12-24T00:00:00.000Z","ShipVia":1,"Freight":"6.7900","ShipName":"Berglunds snabbköp","ShipAddress":"Berguvsvägen  8","ShipCity":"Luleå","ShipRegion":null,"ShipPostalCode":"S-958 22","ShipCountry":"Sweden","CompanyName":"Berglunds snabbköp","Address":"Berguvsvägen  8","City":"Luleå","Region":null,"PostalCode":"S-958 22","Country":"Sweden"},{"__metadata":{"uri":"https://services.odata.org/V2/Northwind/Northwind.svc/Orders_Qries(CompanyName='Berglunds%20snabbk%C3%B6p',OrderID=10837)","type":"NorthwindModel.Orders_Qry"},"OrderID":10837,"CustomerID":"BERGS","EmployeeID":9,"OrderDate":"1998-01-16T00:00:00.000Z","RequiredDate":"1998-02-13T00:00:00.000Z","ShippedDate":"1998-01-23T00:00:00.000Z","ShipVia":3,"Freight":"13.3200","ShipName":"Berglunds snabbköp","ShipAddress":"Berguvsvägen  8","ShipCity":"Luleå","ShipRegion":null,"ShipPostalCode":"S-958 22","ShipCountry":"Sweden","CompanyName":"Berglunds snabbköp","Address":"Berguvsvägen  8","City":"Luleå","Region":null,"PostalCode":"S-958 22","Country":"Sweden"},{"__metadata":{"uri":"https://services.odata.org/V2/Northwind/Northwind.svc/Orders_Qries(CompanyName='Berglunds%20snabbk%C3%B6p',OrderID=10857)","type":"NorthwindModel.Orders_Qry"},"OrderID":10857,"CustomerID":"BERGS","EmployeeID":8,"OrderDate":"1998-01-28T00:00:00.000Z","RequiredDate":"1998-02-25T00:00:00.000Z","ShippedDate":"1998-02-06T00:00:00.000Z","ShipVia":2,"Freight":"188.8500","ShipName":"Berglunds snabbköp","ShipAddress":"Berguvsvägen  8","ShipCity":"Luleå","ShipRegion":null,"ShipPostalCode":"S-958 22","ShipCountry":"Sweden","CompanyName":"Berglunds snabbköp","Address":"Berguvsvägen  8","City":"Luleå","Region":null,"PostalCode":"S-958 22","Country":"Sweden"},{"__metadata":{"uri":"https://services.odata.org/V2/Northwind/Northwind.svc/Orders_Qries(CompanyName='Berglunds%20snabbk%C3%B6p',OrderID=10866)","type":"NorthwindModel.Orders_Qry"},"OrderID":10866,"CustomerID":"BERGS","EmployeeID":5,"OrderDate":"1998-02-03T00:00:00.000Z","RequiredDate":"1998-03-03T00:00:00.000Z","ShippedDate":"1998-02-12T00:00:00.000Z","ShipVia":1,"Freight":"109.1100","ShipName":"Berglunds snabbköp","ShipAddress":"Berguvsvägen  8","ShipCity":"Luleå","ShipRegion":null,"ShipPostalCode":"S-958 22","ShipCountry":"Sweden","CompanyName":"Berglunds snabbköp","Address":"Berguvsvägen  8","City":"Luleå","Region":null,"PostalCode":"S-958 22","Country":"Sweden"},{"__metadata":{"uri":"https://services.odata.org/V2/Northwind/Northwind.svc/Orders_Qries(CompanyName='Berglunds%20snabbk%C3%B6p',OrderID=10875)","type":"NorthwindModel.Orders_Qry"},"OrderID":10875,"CustomerID":"BERGS","EmployeeID":4,"OrderDate":"1998-02-06T00:00:00.000Z","RequiredDate":"1998-03-06T00:00:00.000Z","ShippedDate":"1998-03-03T00:00:00.000Z","ShipVia":2,"Freight":"32.3700","ShipName":"Berglunds snabbköp","ShipAddress":"Berguvsvägen  8","ShipCity":"Luleå","ShipRegion":null,"ShipPostalCode":"S-958 22","ShipCountry":"Sweden","CompanyName":"Berglunds snabbköp","Address":"Berguvsvägen  8","City":"Luleå","Region":null,"PostalCode":"S-958 22","Country":"Sweden"},{"__metadata":{"uri":"https://services.odata.org/V2/Northwind/Northwind.svc/Orders_Qries(CompanyName='Berglunds%20snabbk%C3%B6p',OrderID=10924)","type":"NorthwindModel.Orders_Qry"},"OrderID":10924,"CustomerID":"BERGS","EmployeeID":3,"OrderDate":"1998-03-04T00:00:00.000Z","RequiredDate":"1998-04-01T00:00:00.000Z","ShippedDate":"1998-04-08T00:00:00.000Z","ShipVia":2,"Freight":"151.5200","ShipName":"Berglunds snabbköp","ShipAddress":"Berguvsvägen  8","ShipCity":"Luleå","ShipRegion":null,"ShipPostalCode":"S-958 22","ShipCountry":"Sweden","CompanyName":"Berglunds snabbköp","Address":"Berguvsvägen  8","City":"Luleå","Region":null,"PostalCode":"S-958 22","Country":"Sweden"},{"__metadata":{"uri":"https://services.odata.org/V2/Northwind/Northwind.svc/Orders_Qries(CompanyName='Blauer%20See%20Delikatessen',OrderID=10501)","type":"NorthwindModel.Orders_Qry"},"OrderID":10501,"CustomerID":"BLAUS","EmployeeID":9,"OrderDate":"1997-04-09T00:00:00.000Z","RequiredDate":"1997-05-07T00:00:00.000Z","ShippedDate":"1997-04-16T00:00:00.000Z","ShipVia":3,"Freight":"8.8500","ShipName":"Blauer See Delikatessen","ShipAddress":"Forsterstr. 57","ShipCity":"Mannheim","ShipRegion":null,"ShipPostalCode":"68306","ShipCountry":"Germany","CompanyName":"Blauer See Delikatessen","Address":"Forsterstr. 57","City":"Mannheim","Region":null,"PostalCode":"68306","Country":"Germany"},{"__metadata":{"uri":"https://services.odata.org/V2/Northwind/Northwind.svc/Orders_Qries(CompanyName='Blauer%20See%20Delikatessen',OrderID=10509)","type":"NorthwindModel.Orders_Qry"},"OrderID":10509,"CustomerID":"BLAUS","EmployeeID":4,"OrderDate":"1997-04-17T00:00:00.000Z","RequiredDate":"1997-05-15T00:00:00.000Z","ShippedDate":"1997-04-29T00:00:00.000Z","ShipVia":1,"Freight":"0.1500","ShipName":"Blauer See Delikatessen","ShipAddress":"Forsterstr. 57","ShipCity":"Mannheim","ShipRegion":null,"ShipPostalCode":"68306","ShipCountry":"Germany","CompanyName":"Blauer See Delikatessen","Address":"Forsterstr. 57","City":"Mannheim","Region":null,"PostalCode":"68306","Country":"Germany"},{"__metadata":{"uri":"https://services.odata.org/V2/Northwind/Northwind.svc/Orders_Qries(CompanyName='Blauer%20See%20Delikatessen',OrderID=10582)","type":"NorthwindModel.Orders_Qry"},"OrderID":10582,"CustomerID":"BLAUS","EmployeeID":3,"OrderDate":"1997-06-27T00:00:00.000Z","RequiredDate":"1997-07-25T00:00:00.000Z","ShippedDate":"1997-07-14T00:00:00.000Z","ShipVia":2,"Freight":"27.7100","ShipName":"Blauer See Delikatessen","ShipAddress":"Forsterstr. 57","ShipCity":"Mannheim","ShipRegion":null,"ShipPostalCode":"68306","ShipCountry":"Germany","CompanyName":"Blauer See Delikatessen","Address":"Forsterstr. 57","City":"Mannheim","Region":null,"PostalCode":"68306","Country":"Germany"},{"__metadata":{"uri":"https://services.odata.org/V2/Northwind/Northwind.svc/Orders_Qries(CompanyName='Blauer%20See%20Delikatessen',OrderID=10614)","type":"NorthwindModel.Orders_Qry"},"OrderID":10614,"CustomerID":"BLAUS","EmployeeID":8,"OrderDate":"1997-07-29T00:00:00.000Z","RequiredDate":"1997-08-26T00:00:00.000Z","ShippedDate":"1997-08-01T00:00:00.000Z","ShipVia":3,"Freight":"1.9300","ShipName":"Blauer See Delikatessen","ShipAddress":"Forsterstr. 57","ShipCity":"Mannheim","ShipRegion":null,"ShipPostalCode":"68306","ShipCountry":"Germany","CompanyName":"Blauer See Delikatessen","Address":"Forsterstr. 57","City":"Mannheim","Region":null,"PostalCode":"68306","Country":"Germany"},{"__metadata":{"uri":"https://services.odata.org/V2/Northwind/Northwind.svc/Orders_Qries(CompanyName='Blauer%20See%20Delikatessen',OrderID=10853)","type":"NorthwindModel.Orders_Qry"},"OrderID":10853,"CustomerID":"BLAUS","EmployeeID":9,"OrderDate":"1998-01-27T00:00:00.000Z","RequiredDate":"1998-02-24T00:00:00.000Z","ShippedDate":"1998-02-03T00:00:00.000Z","ShipVia":2,"Freight":"53.8300","ShipName":"Blauer See Delikatessen","ShipAddress":"Forsterstr. 57","ShipCity":"Mannheim","ShipRegion":null,"ShipPostalCode":"68306","ShipCountry":"Germany","CompanyName":"Blauer See Delikatessen","Address":"Forsterstr. 57","City":"Mannheim","Region":null,"PostalCode":"68306","Country":"Germany"},{"__metadata":{"uri":"https://services.odata.org/V2/Northwind/Northwind.svc/Orders_Qries(CompanyName='Blauer%20See%20Delikatessen',OrderID=10956)","type":"NorthwindModel.Orders_Qry"},"OrderID":10956,"CustomerID":"BLAUS","EmployeeID":6,"OrderDate":"1998-03-17T00:00:00.000Z","RequiredDate":"1998-04-28T00:00:00.000Z","ShippedDate":"1998-03-20T00:00:00.000Z","ShipVia":2,"Freight":"44.6500","ShipName":"Blauer See Delikatessen","ShipAddress":"Forsterstr. 57","ShipCity":"Mannheim","ShipRegion":null,"ShipPostalCode":"68306","ShipCountry":"Germany","CompanyName":"Blauer See Delikatessen","Address":"Forsterstr. 57","City":"Mannheim","Region":null,"PostalCode":"68306","Country":"Germany"},{"__metadata":{"uri":"https://services.odata.org/V2/Northwind/Northwind.svc/Orders_Qries(CompanyName='Blauer%20See%20Delikatessen',OrderID=11058)","type":"NorthwindModel.Orders_Qry"},"OrderID":11058,"CustomerID":"BLAUS","EmployeeID":9,"OrderDate":"1998-04-29T00:00:00.000Z","RequiredDate":"1998-05-27T00:00:00.000Z","ShippedDate":null,"ShipVia":3,"Freight":"31.1400","ShipName":"Blauer See Delikatessen","ShipAddress":"Forsterstr. 57","ShipCity":"Mannheim","ShipRegion":null,"ShipPostalCode":"68306","ShipCountry":"Germany","CompanyName":"Blauer See Delikatessen","Address":"Forsterstr. 57","City":"Mannheim","Region":null,"PostalCode":"68306","Country":"Germany"},{"__metadata":{"uri":"https://services.odata.org/V2/Northwind/Northwind.svc/Orders_Qries(CompanyName='Blondesddsl%20p%C3%A8re%20et%20fils',OrderID=10265)","type":"NorthwindModel.Orders_Qry"},"OrderID":10265,"CustomerID":"BLONP","EmployeeID":2,"OrderDate":"1996-07-25T00:00:00.000Z","RequiredDate":"1996-08-22T00:00:00.000Z","ShippedDate":"1996-08-12T00:00:00.000Z","ShipVia":1,"Freight":"55.2800","ShipName":"Blondel père et fils","ShipAddress":"24, place Kléber","ShipCity":"Strasbourg","ShipRegion":null,"ShipPostalCode":"67000","ShipCountry":"France","CompanyName":"Blondesddsl père et fils","Address":"24, place Kléber","City":"Strasbourg","Region":null,"PostalCode":"67000","Country":"France"},{"__metadata":{"uri":"https://services.odata.org/V2/Northwind/Northwind.svc/Orders_Qries(CompanyName='Blondesddsl%20p%C3%A8re%20et%20fils',OrderID=10297)","type":"NorthwindModel.Orders_Qry"},"OrderID":10297,"CustomerID":"BLONP","EmployeeID":5,"OrderDate":"1996-09-04T00:00:00.000Z","RequiredDate":"1996-10-16T00:00:00.000Z","ShippedDate":"1996-09-10T00:00:00.000Z","ShipVia":2,"Freight":"5.7400","ShipName":"Blondel père et fils","ShipAddress":"24, place Kléber","ShipCity":"Strasbourg","ShipRegion":null,"ShipPostalCode":"67000","ShipCountry":"France","CompanyName":"Blondesddsl père et fils","Address":"24, place Kléber","City":"Strasbourg","Region":null,"PostalCode":"67000","Country":"France"},{"__metadata":{"uri":"https://services.odata.org/V2/Northwind/Northwind.svc/Orders_Qries(CompanyName='Blondesddsl%20p%C3%A8re%20et%20fils',OrderID=10360)","type":"NorthwindModel.Orders_Qry"},"OrderID":10360,"CustomerID":"BLONP","EmployeeID":4,"OrderDate":"1996-11-22T00:00:00.000Z","RequiredDate":"1996-12-20T00:00:00.000Z","ShippedDate":"1996-12-02T00:00:00.000Z","ShipVia":3,"Freight":"131.7000","ShipName":"Blondel père et fils","ShipAddress":"24, place Kléber","ShipCity":"Strasbourg","ShipRegion":null,"ShipPostalCode":"67000","ShipCountry":"France","CompanyName":"Blondesddsl père et fils","Address":"24, place Kléber","City":"Strasbourg","Region":null,"PostalCode":"67000","Country":"France"},{"__metadata":{"uri":"https://services.odata.org/V2/Northwind/Northwind.svc/Orders_Qries(CompanyName='Blondesddsl%20p%C3%A8re%20et%20fils',OrderID=10436)","type":"NorthwindModel.Orders_Qry"},"OrderID":10436,"CustomerID":"BLONP","EmployeeID":3,"OrderDate":"1997-02-05T00:00:00.000Z","RequiredDate":"1997-03-05T00:00:00.000Z","ShippedDate":"1997-02-11T00:00:00.000Z","ShipVia":2,"Freight":"156.6600","ShipName":"Blondel père et fils","ShipAddress":"24, place Kléber","ShipCity":"Strasbourg","ShipRegion":null,"ShipPostalCode":"67000","ShipCountry":"France","CompanyName":"Blondesddsl père et fils","Address":"24, place Kléber","City":"Strasbourg","Region":null,"PostalCode":"67000","Country":"France"},{"__metadata":{"uri":"https://services.odata.org/V2/Northwind/Northwind.svc/Orders_Qries(CompanyName='Blondesddsl%20p%C3%A8re%20et%20fils',OrderID=10449)","type":"NorthwindModel.Orders_Qry"},"OrderID":10449,"CustomerID":"BLONP","EmployeeID":3,"OrderDate":"1997-02-18T00:00:00.000Z","RequiredDate":"1997-03-18T00:00:00.000Z","ShippedDate":"1997-02-27T00:00:00.000Z","ShipVia":2,"Freight":"53.3000","ShipName":"Blondel père et fils","ShipAddress":"24, place Kléber","ShipCity":"Strasbourg","ShipRegion":null,"ShipPostalCode":"67000","ShipCountry":"France","CompanyName":"Blondesddsl père et fils","Address":"24, place Kléber","City":"Strasbourg","Region":null,"PostalCode":"67000","Country":"France"},{"__metadata":{"uri":"https://services.odata.org/V2/Northwind/Northwind.svc/Orders_Qries(CompanyName='Blondesddsl%20p%C3%A8re%20et%20fils',OrderID=10559)","type":"NorthwindModel.Orders_Qry"},"OrderID":10559,"CustomerID":"BLONP","EmployeeID":6,"OrderDate":"1997-06-05T00:00:00.000Z","RequiredDate":"1997-07-03T00:00:00.000Z","ShippedDate":"1997-06-13T00:00:00.000Z","ShipVia":1,"Freight":"8.0500","ShipName":"Blondel père et fils","ShipAddress":"24, place Kléber","ShipCity":"Strasbourg","ShipRegion":null,"ShipPostalCode":"67000","ShipCountry":"France","CompanyName":"Blondesddsl père et fils","Address":"24, place Kléber","City":"Strasbourg","Region":null,"PostalCode":"67000","Country":"France"},{"__metadata":{"uri":"https://services.odata.org/V2/Northwind/Northwind.svc/Orders_Qries(CompanyName='Blondesddsl%20p%C3%A8re%20et%20fils',OrderID=10566)","type":"NorthwindModel.Orders_Qry"},"OrderID":10566,"CustomerID":"BLONP","EmployeeID":9,"OrderDate":"1997-06-12T00:00:00.000Z","RequiredDate":"1997-07-10T00:00:00.000Z","ShippedDate":"1997-06-18T00:00:00.000Z","ShipVia":1,"Freight":"88.4000","ShipName":"Blondel père et fils","ShipAddress":"24, place Kléber","ShipCity":"Strasbourg","ShipRegion":null,"ShipPostalCode":"67000","ShipCountry":"France","CompanyName":"Blondesddsl père et fils","Address":"24, place Kléber","City":"Strasbourg","Region":null,"PostalCode":"67000","Country":"France"},{"__metadata":{"uri":"https://services.odata.org/V2/Northwind/Northwind.svc/Orders_Qries(CompanyName='Blondesddsl%20p%C3%A8re%20et%20fils',OrderID=10584)","type":"NorthwindModel.Orders_Qry"},"OrderID":10584,"CustomerID":"BLONP","EmployeeID":4,"OrderDate":"1997-06-30T00:00:00.000Z","RequiredDate":"1997-07-28T00:00:00.000Z","ShippedDate":"1997-07-04T00:00:00.000Z","ShipVia":1,"Freight":"59.1400","ShipName":"Blondel père et fils","ShipAddress":"24, place Kléber","ShipCity":"Strasbourg","ShipRegion":null,"ShipPostalCode":"67000","ShipCountry":"France","CompanyName":"Blondesddsl père et fils","Address":"24, place Kléber","City":"Strasbourg","Region":null,"PostalCode":"67000","Country":"France"},{"__metadata":{"uri":"https://services.odata.org/V2/Northwind/Northwind.svc/Orders_Qries(CompanyName='Blondesddsl%20p%C3%A8re%20et%20fils',OrderID=10628)","type":"NorthwindModel.Orders_Qry"},"OrderID":10628,"CustomerID":"BLONP","EmployeeID":4,"OrderDate":"1997-08-12T00:00:00.000Z","RequiredDate":"1997-09-09T00:00:00.000Z","ShippedDate":"1997-08-20T00:00:00.000Z","ShipVia":3,"Freight":"30.3600","ShipName":"Blondel père et fils","ShipAddress":"24, place Kléber","ShipCity":"Strasbourg","ShipRegion":null,"ShipPostalCode":"67000","ShipCountry":"France","CompanyName":"Blondesddsl père et fils","Address":"24, place Kléber","City":"Strasbourg","Region":null,"PostalCode":"67000","Country":"France"},{"__metadata":{"uri":"https://services.odata.org/V2/Northwind/Northwind.svc/Orders_Qries(CompanyName='Blondesddsl%20p%C3%A8re%20et%20fils',OrderID=10679)","type":"NorthwindModel.Orders_Qry"},"OrderID":10679,"CustomerID":"BLONP","EmployeeID":8,"OrderDate":"1997-09-23T00:00:00.000Z","RequiredDate":"1997-10-21T00:00:00.000Z","ShippedDate":"1997-09-30T00:00:00.000Z","ShipVia":3,"Freight":"27.9400","ShipName":"Blondel père et fils","ShipAddress":"24, place Kléber","ShipCity":"Strasbourg","ShipRegion":null,"ShipPostalCode":"67000","ShipCountry":"France","CompanyName":"Blondesddsl père et fils","Address":"24, place Kléber","City":"Strasbourg","Region":null,"PostalCode":"67000","Country":"France"},{"__metadata":{"uri":"https://services.odata.org/V2/Northwind/Northwind.svc/Orders_Qries(CompanyName='Blondesddsl%20p%C3%A8re%20et%20fils',OrderID=10826)","type":"NorthwindModel.Orders_Qry"},"OrderID":10826,"CustomerID":"BLONP","EmployeeID":6,"OrderDate":"1998-01-12T00:00:00.000Z","RequiredDate":"1998-02-09T00:00:00.000Z","ShippedDate":"1998-02-06T00:00:00.000Z","ShipVia":1,"Freight":"7.0900","ShipName":"Blondel père et fils","ShipAddress":"24, place Kléber","ShipCity":"Strasbourg","ShipRegion":null,"ShipPostalCode":"67000","ShipCountry":"France","CompanyName":"Blondesddsl père et fils","Address":"24, place Kléber","City":"Strasbourg","Region":null,"PostalCode":"67000","Country":"France"},{"__metadata":{"uri":"https://services.odata.org/V2/Northwind/Northwind.svc/Orders_Qries(CompanyName='B%C3%B3lido%20Comidas%20preparadas',OrderID=10326)","type":"NorthwindModel.Orders_Qry"},"OrderID":10326,"CustomerID":"BOLID","EmployeeID":4,"OrderDate":"1996-10-10T00:00:00.000Z","RequiredDate":"1996-11-07T00:00:00.000Z","ShippedDate":"1996-10-14T00:00:00.000Z","ShipVia":2,"Freight":"77.9200","ShipName":"Bólido Comidas preparadas","ShipAddress":"C/ Araquil, 67","ShipCity":"Madrid","ShipRegion":null,"ShipPostalCode":"28023","ShipCountry":"Spain","CompanyName":"Bólido Comidas preparadas","Address":"C/ Araquil, 67","City":"Madrid","Region":null,"PostalCode":"28023","Country":"Spain"},{"__metadata":{"uri":"https://services.odata.org/V2/Northwind/Northwind.svc/Orders_Qries(CompanyName='B%C3%B3lido%20Comidas%20preparadas',OrderID=10801)","type":"NorthwindModel.Orders_Qry"},"OrderID":10801,"CustomerID":"BOLID","EmployeeID":4,"OrderDate":"1997-12-29T00:00:00.000Z","RequiredDate":"1998-01-26T00:00:00.000Z","ShippedDate":"1997-12-31T00:00:00.000Z","ShipVia":2,"Freight":"97.0900","ShipName":"Bólido Comidas preparadas","ShipAddress":"C/ Araquil, 67","ShipCity":"Madrid","ShipRegion":null,"ShipPostalCode":"28023","ShipCountry":"Spain","CompanyName":"Bólido Comidas preparadas","Address":"C/ Araquil, 67","City":"Madrid","Region":null,"PostalCode":"28023","Country":"Spain"},{"__metadata":{"uri":"https://services.odata.org/V2/Northwind/Northwind.svc/Orders_Qries(CompanyName='B%C3%B3lido%20Comidas%20preparadas',OrderID=10970)","type":"NorthwindModel.Orders_Qry"},"OrderID":10970,"CustomerID":"BOLID","EmployeeID":9,"OrderDate":"1998-03-24T00:00:00.000Z","RequiredDate":"1998-04-07T00:00:00.000Z","ShippedDate":"1998-04-24T00:00:00.000Z","ShipVia":1,"Freight":"16.1600","ShipName":"Bólido Comidas preparadas","ShipAddress":"C/ Araquil, 67","ShipCity":"Madrid","ShipRegion":null,"ShipPostalCode":"28023","ShipCountry":"Spain","CompanyName":"Bólido Comidas preparadas","Address":"C/ Araquil, 67","City":"Madrid","Region":null,"PostalCode":"28023","Country":"Spain"},{"__metadata":{"uri":"https://services.odata.org/V2/Northwind/Northwind.svc/Orders_Qries(CompanyName='Bon%20app''',OrderID=10331)","type":"NorthwindModel.Orders_Qry"},"OrderID":10331,"CustomerID":"BONAP","EmployeeID":9,"OrderDate":"1996-10-16T00:00:00.000Z","RequiredDate":"1996-11-27T00:00:00.000Z","ShippedDate":"1996-10-21T00:00:00.000Z","ShipVia":1,"Freight":"10.1900","ShipName":"Bon app'","ShipAddress":"12, rue des Bouchers","ShipCity":"Marseille","ShipRegion":null,"ShipPostalCode":"13008","ShipCountry":"France","CompanyName":"Bon app'","Address":"12, rue des Bouchers","City":"Marseille","Region":null,"PostalCode":"13008","Country":"France"},{"__metadata":{"uri":"https://services.odata.org/V2/Northwind/Northwind.svc/Orders_Qries(CompanyName='Bon%20app''',OrderID=10340)","type":"NorthwindModel.Orders_Qry"},"OrderID":10340,"CustomerID":"BONAP","EmployeeID":1,"OrderDate":"1996-10-29T00:00:00.000Z","RequiredDate":"1996-11-26T00:00:00.000Z","ShippedDate":"1996-11-08T00:00:00.000Z","ShipVia":3,"Freight":"166.3100","ShipName":"Bon app'","ShipAddress":"12, rue des Bouchers","ShipCity":"Marseille","ShipRegion":null,"ShipPostalCode":"13008","ShipCountry":"France","CompanyName":"Bon app'","Address":"12, rue des Bouchers","City":"Marseille","Region":null,"PostalCode":"13008","Country":"France"},{"__metadata":{"uri":"https://services.odata.org/V2/Northwind/Northwind.svc/Orders_Qries(CompanyName='Bon%20app''',OrderID=10362)","type":"NorthwindModel.Orders_Qry"},"OrderID":10362,"CustomerID":"BONAP","EmployeeID":3,"OrderDate":"1996-11-25T00:00:00.000Z","RequiredDate":"1996-12-23T00:00:00.000Z","ShippedDate":"1996-11-28T00:00:00.000Z","ShipVia":1,"Freight":"96.0400","ShipName":"Bon app'","ShipAddress":"12, rue des Bouchers","ShipCity":"Marseille","ShipRegion":null,"ShipPostalCode":"13008","ShipCountry":"France","CompanyName":"Bon app'","Address":"12, rue des Bouchers","City":"Marseille","Region":null,"PostalCode":"13008","Country":"France"},{"__metadata":{"uri":"https://services.odata.org/V2/Northwind/Northwind.svc/Orders_Qries(CompanyName='Bon%20app''',OrderID=10470)","type":"NorthwindModel.Orders_Qry"},"OrderID":10470,"CustomerID":"BONAP","EmployeeID":4,"OrderDate":"1997-03-11T00:00:00.000Z","RequiredDate":"1997-04-08T00:00:00.000Z","ShippedDate":"1997-03-14T00:00:00.000Z","ShipVia":2,"Freight":"64.5600","ShipName":"Bon app'","ShipAddress":"12, rue des Bouchers","ShipCity":"Marseille","ShipRegion":null,"ShipPostalCode":"13008","ShipCountry":"France","CompanyName":"Bon app'","Address":"12, rue des Bouchers","City":"Marseille","Region":null,"PostalCode":"13008","Country":"France"},{"__metadata":{"uri":"https://services.odata.org/V2/Northwind/Northwind.svc/Orders_Qries(CompanyName='Bon%20app''',OrderID=10511)","type":"NorthwindModel.Orders_Qry"},"OrderID":10511,"CustomerID":"BONAP","EmployeeID":4,"OrderDate":"1997-04-18T00:00:00.000Z","RequiredDate":"1997-05-16T00:00:00.000Z","ShippedDate":"1997-04-21T00:00:00.000Z","ShipVia":3,"Freight":"350.6400","ShipName":"Bon app'","ShipAddress":"12, rue des Bouchers","ShipCity":"Marseille","ShipRegion":null,"ShipPostalCode":"13008","ShipCountry":"France","CompanyName":"Bon app'","Address":"12, rue des Bouchers","City":"Marseille","Region":null,"PostalCode":"13008","Country":"France"},{"__metadata":{"uri":"https://services.odata.org/V2/Northwind/Northwind.svc/Orders_Qries(CompanyName='Bon%20app''',OrderID=10525)","type":"NorthwindModel.Orders_Qry"},"OrderID":10525,"CustomerID":"BONAP","EmployeeID":1,"OrderDate":"1997-05-02T00:00:00.000Z","RequiredDate":"1997-05-30T00:00:00.000Z","ShippedDate":"1997-05-23T00:00:00.000Z","ShipVia":2,"Freight":"11.0600","ShipName":"Bon app'","ShipAddress":"12, rue des Bouchers","ShipCity":"Marseille","ShipRegion":null,"ShipPostalCode":"13008","ShipCountry":"France","CompanyName":"Bon app'","Address":"12, rue des Bouchers","City":"Marseille","Region":null,"PostalCode":"13008","Country":"France"},{"__metadata":{"uri":"https://services.odata.org/V2/Northwind/Northwind.svc/Orders_Qries(CompanyName='Bon%20app''',OrderID=10663)","type":"NorthwindModel.Orders_Qry"},"OrderID":10663,"CustomerID":"BONAP","EmployeeID":2,"OrderDate":"1997-09-10T00:00:00.000Z","RequiredDate":"1997-09-24T00:00:00.000Z","ShippedDate":"1997-10-03T00:00:00.000Z","ShipVia":2,"Freight":"113.1500","ShipName":"Bon app'","ShipAddress":"12, rue des Bouchers","ShipCity":"Marseille","ShipRegion":null,"ShipPostalCode":"13008","ShipCountry":"France","CompanyName":"Bon app'","Address":"12, rue des Bouchers","City":"Marseille","Region":null,"PostalCode":"13008","Country":"France"},{"__metadata":{"uri":"https://services.odata.org/V2/Northwind/Northwind.svc/Orders_Qries(CompanyName='Bon%20app''',OrderID=10715)","type":"NorthwindModel.Orders_Qry"},"OrderID":10715,"CustomerID":"BONAP","EmployeeID":3,"OrderDate":"1997-10-23T00:00:00.000Z","RequiredDate":"1997-11-06T00:00:00.000Z","ShippedDate":"1997-10-29T00:00:00.000Z","ShipVia":1,"Freight":"63.2000","ShipName":"Bon app'","ShipAddress":"12, rue des Bouchers","ShipCity":"Marseille","ShipRegion":null,"ShipPostalCode":"13008","ShipCountry":"France","CompanyName":"Bon app'","Address":"12, rue des Bouchers","City":"Marseille","Region":null,"PostalCode":"13008","Country":"France"},{"__metadata":{"uri":"https://services.odata.org/V2/Northwind/Northwind.svc/Orders_Qries(CompanyName='Bon%20app''',OrderID=10730)","type":"NorthwindModel.Orders_Qry"},"OrderID":10730,"CustomerID":"BONAP","EmployeeID":5,"OrderDate":"1997-11-05T00:00:00.000Z","RequiredDate":"1997-12-03T00:00:00.000Z","ShippedDate":"1997-11-14T00:00:00.000Z","ShipVia":1,"Freight":"20.1200","ShipName":"Bon app'","ShipAddress":"12, rue des Bouchers","ShipCity":"Marseille","ShipRegion":null,"ShipPostalCode":"13008","ShipCountry":"France","CompanyName":"Bon app'","Address":"12, rue des Bouchers","City":"Marseille","Region":null,"PostalCode":"13008","Country":"France"},{"__metadata":{"uri":"https://services.odata.org/V2/Northwind/Northwind.svc/Orders_Qries(CompanyName='Bon%20app''',OrderID=10732)","type":"NorthwindModel.Orders_Qry"},"OrderID":10732,"CustomerID":"BONAP","EmployeeID":3,"OrderDate":"1997-11-06T00:00:00.000Z","RequiredDate":"1997-12-04T00:00:00.000Z","ShippedDate":"1997-11-07T00:00:00.000Z","ShipVia":1,"Freight":"16.9700","ShipName":"Bon app'","ShipAddress":"12, rue des Bouchers","ShipCity":"Marseille","ShipRegion":null,"ShipPostalCode":"13008","ShipCountry":"France","CompanyName":"Bon app'","Address":"12, rue des Bouchers","City":"Marseille","Region":null,"PostalCode":"13008","Country":"France"},{"__metadata":{"uri":"https://services.odata.org/V2/Northwind/Northwind.svc/Orders_Qries(CompanyName='Bon%20app''',OrderID=10755)","type":"NorthwindModel.Orders_Qry"},"OrderID":10755,"CustomerID":"BONAP","EmployeeID":4,"OrderDate":"1997-11-26T00:00:00.000Z","RequiredDate":"1997-12-24T00:00:00.000Z","ShippedDate":"1997-11-28T00:00:00.000Z","ShipVia":2,"Freight":"16.7100","ShipName":"Bon app'","ShipAddress":"12, rue des Bouchers","ShipCity":"Marseille","ShipRegion":null,"ShipPostalCode":"13008","ShipCountry":"France","CompanyName":"Bon app'","Address":"12, rue des Bouchers","City":"Marseille","Region":null,"PostalCode":"13008","Country":"France"},{"__metadata":{"uri":"https://services.odata.org/V2/Northwind/Northwind.svc/Orders_Qries(CompanyName='Bon%20app''',OrderID=10827)","type":"NorthwindModel.Orders_Qry"},"OrderID":10827,"CustomerID":"BONAP","EmployeeID":1,"OrderDate":"1998-01-12T00:00:00.000Z","RequiredDate":"1998-01-26T00:00:00.000Z","ShippedDate":"1998-02-06T00:00:00.000Z","ShipVia":2,"Freight":"63.5400","ShipName":"Bon app'","ShipAddress":"12, rue des Bouchers","ShipCity":"Marseille","ShipRegion":null,"ShipPostalCode":"13008","ShipCountry":"France","CompanyName":"Bon app'","Address":"12, rue des Bouchers","City":"Marseille","Region":null,"PostalCode":"13008","Country":"France"},{"__metadata":{"uri":"https://services.odata.org/V2/Northwind/Northwind.svc/Orders_Qries(CompanyName='Bon%20app''',OrderID=10871)","type":"NorthwindModel.Orders_Qry"},"OrderID":10871,"CustomerID":"BONAP","EmployeeID":9,"OrderDate":"1998-02-05T00:00:00.000Z","RequiredDate":"1998-03-05T00:00:00.000Z","ShippedDate":"1998-02-10T00:00:00.000Z","ShipVia":2,"Freight":"112.2700","ShipName":"Bon app'","ShipAddress":"12, rue des Bouchers","ShipCity":"Marseille","ShipRegion":null,"ShipPostalCode":"13008","ShipCountry":"France","CompanyName":"Bon app'","Address":"12, rue des Bouchers","City":"Marseille","Region":null,"PostalCode":"13008","Country":"France"},{"__metadata":{"uri":"https://services.odata.org/V2/Northwind/Northwind.svc/Orders_Qries(CompanyName='Bon%20app''',OrderID=10876)","type":"NorthwindModel.Orders_Qry"},"OrderID":10876,"CustomerID":"BONAP","EmployeeID":7,"OrderDate":"1998-02-09T00:00:00.000Z","RequiredDate":"1998-03-09T00:00:00.000Z","ShippedDate":"1998-02-12T00:00:00.000Z","ShipVia":3,"Freight":"60.4200","ShipName":"Bon app'","ShipAddress":"12, rue des Bouchers","ShipCity":"Marseille","ShipRegion":null,"ShipPostalCode":"13008","ShipCountry":"France","CompanyName":"Bon app'","Address":"12, rue des Bouchers","City":"Marseille","Region":null,"PostalCode":"13008","Country":"France"},{"__metadata":{"uri":"https://services.odata.org/V2/Northwind/Northwind.svc/Orders_Qries(CompanyName='Bon%20app''',OrderID=10932)","type":"NorthwindModel.Orders_Qry"},"OrderID":10932,"CustomerID":"BONAP","EmployeeID":8,"OrderDate":"1998-03-06T00:00:00.000Z","RequiredDate":"1998-04-03T00:00:00.000Z","ShippedDate":"1998-03-24T00:00:00.000Z","ShipVia":1,"Freight":"134.6400","ShipName":"Bon app'","ShipAddress":"12, rue des Bouchers","ShipCity":"Marseille","ShipRegion":null,"ShipPostalCode":"13008","ShipCountry":"France","CompanyName":"Bon app'","Address":"12, rue des Bouchers","City":"Marseille","Region":null,"PostalCode":"13008","Country":"France"},{"__metadata":{"uri":"https://services.odata.org/V2/Northwind/Northwind.svc/Orders_Qries(CompanyName='Bon%20app''',OrderID=10940)","type":"NorthwindModel.Orders_Qry"},"OrderID":10940,"CustomerID":"BONAP","EmployeeID":8,"OrderDate":"1998-03-11T00:00:00.000Z","RequiredDate":"1998-04-08T00:00:00.000Z","ShippedDate":"1998-03-23T00:00:00.000Z","ShipVia":3,"Freight":"19.7700","ShipName":"Bon app'","ShipAddress":"12, rue des Bouchers","ShipCity":"Marseille","ShipRegion":null,"ShipPostalCode":"13008","ShipCountry":"France","CompanyName":"Bon app'","Address":"12, rue des Bouchers","City":"Marseille","Region":null,"PostalCode":"13008","Country":"France"},{"__metadata":{"uri":"https://services.odata.org/V2/Northwind/Northwind.svc/Orders_Qries(CompanyName='Bon%20app''',OrderID=11076)","type":"NorthwindModel.Orders_Qry"},"OrderID":11076,"CustomerID":"BONAP","EmployeeID":4,"OrderDate":"1998-05-06T00:00:00.000Z","RequiredDate":"1998-06-03T00:00:00.000Z","ShippedDate":null,"ShipVia":2,"Freight":"38.2800","ShipName":"Bon app'","ShipAddress":"12, rue des Bouchers","ShipCity":"Marseille","ShipRegion":null,"ShipPostalCode":"13008","ShipCountry":"France","CompanyName":"Bon app'","Address":"12, rue des Bouchers","City":"Marseille","Region":null,"PostalCode":"13008","Country":"France"},{"__metadata":{"uri":"https://services.odata.org/V2/Northwind/Northwind.svc/Orders_Qries(CompanyName='Bottom-Dollar%20Markets',OrderID=10389)","type":"NorthwindModel.Orders_Qry"},"OrderID":10389,"CustomerID":"BOTTM","EmployeeID":4,"OrderDate":"1996-12-20T00:00:00.000Z","RequiredDate":"1997-01-17T00:00:00.000Z","ShippedDate":"1996-12-24T00:00:00.000Z","ShipVia":2,"Freight":"47.4200","ShipName":"Bottom-Dollar Markets","ShipAddress":"23 Tsawassen Blvd.","ShipCity":"Tsawassen","ShipRegion":"BC","ShipPostalCode":"T2F 8M4","ShipCountry":"Canada","CompanyName":"Bottom-Dollar Markets","Address":"23 Tsawassen Blvd.","City":"Tsawassen","Region":"BC","PostalCode":"T2F 8M4","Country":"Canada"},{"__metadata":{"uri":"https://services.odata.org/V2/Northwind/Northwind.svc/Orders_Qries(CompanyName='Bottom-Dollar%20Markets',OrderID=10410)","type":"NorthwindModel.Orders_Qry"},"OrderID":10410,"CustomerID":"BOTTM","EmployeeID":3,"OrderDate":"1997-01-10T00:00:00.000Z","RequiredDate":"1997-02-07T00:00:00.000Z","ShippedDate":"1997-01-15T00:00:00.000Z","ShipVia":3,"Freight":"2.4000","ShipName":"Bottom-Dollar Markets","ShipAddress":"23 Tsawassen Blvd.","ShipCity":"Tsawassen","ShipRegion":"BC","ShipPostalCode":"T2F 8M4","ShipCountry":"Canada","CompanyName":"Bottom-Dollar Markets","Address":"23 Tsawassen Blvd.","City":"Tsawassen","Region":"BC","PostalCode":"T2F 8M4","Country":"Canada"},{"__metadata":{"uri":"https://services.odata.org/V2/Northwind/Northwind.svc/Orders_Qries(CompanyName='Bottom-Dollar%20Markets',OrderID=10411)","type":"NorthwindModel.Orders_Qry"},"OrderID":10411,"CustomerID":"BOTTM","EmployeeID":9,"OrderDate":"1997-01-10T00:00:00.000Z","RequiredDate":"1997-02-07T00:00:00.000Z","ShippedDate":"1997-01-21T00:00:00.000Z","ShipVia":3,"Freight":"23.6500","ShipName":"Bottom-Dollar Markets","ShipAddress":"23 Tsawassen Blvd.","ShipCity":"Tsawassen","ShipRegion":"BC","ShipPostalCode":"T2F 8M4","ShipCountry":"Canada","CompanyName":"Bottom-Dollar Markets","Address":"23 Tsawassen Blvd.","City":"Tsawassen","Region":"BC","PostalCode":"T2F 8M4","Country":"Canada"},{"__metadata":{"uri":"https://services.odata.org/V2/Northwind/Northwind.svc/Orders_Qries(CompanyName='Bottom-Dollar%20Markets',OrderID=10431)","type":"NorthwindModel.Orders_Qry"},"OrderID":10431,"CustomerID":"BOTTM","EmployeeID":4,"OrderDate":"1997-01-30T00:00:00.000Z","RequiredDate":"1997-02-13T00:00:00.000Z","ShippedDate":"1997-02-07T00:00:00.000Z","ShipVia":2,"Freight":"44.1700","ShipName":"Bottom-Dollar Markets","ShipAddress":"23 Tsawassen Blvd.","ShipCity":"Tsawassen","ShipRegion":"BC","ShipPostalCode":"T2F 8M4","ShipCountry":"Canada","CompanyName":"Bottom-Dollar Markets","Address":"23 Tsawassen Blvd.","City":"Tsawassen","Region":"BC","PostalCode":"T2F 8M4","Country":"Canada"},{"__metadata":{"uri":"https://services.odata.org/V2/Northwind/Northwind.svc/Orders_Qries(CompanyName='Bottom-Dollar%20Markets',OrderID=10492)","type":"NorthwindModel.Orders_Qry"},"OrderID":10492,"CustomerID":"BOTTM","EmployeeID":3,"OrderDate":"1997-04-01T00:00:00.000Z","RequiredDate":"1997-04-29T00:00:00.000Z","ShippedDate":"1997-04-11T00:00:00.000Z","ShipVia":1,"Freight":"62.8900","ShipName":"Bottom-Dollar Markets","ShipAddress":"23 Tsawassen Blvd.","ShipCity":"Tsawassen","ShipRegion":"BC","ShipPostalCode":"T2F 8M4","ShipCountry":"Canada","CompanyName":"Bottom-Dollar Markets","Address":"23 Tsawassen Blvd.","City":"Tsawassen","Region":"BC","PostalCode":"T2F 8M4","Country":"Canada"},{"__metadata":{"uri":"https://services.odata.org/V2/Northwind/Northwind.svc/Orders_Qries(CompanyName='Bottom-Dollar%20Markets',OrderID=10742)","type":"NorthwindModel.Orders_Qry"},"OrderID":10742,"CustomerID":"BOTTM","EmployeeID":3,"OrderDate":"1997-11-14T00:00:00.000Z","RequiredDate":"1997-12-12T00:00:00.000Z","ShippedDate":"1997-11-18T00:00:00.000Z","ShipVia":3,"Freight":"243.7300","ShipName":"Bottom-Dollar Markets","ShipAddress":"23 Tsawassen Blvd.","ShipCity":"Tsawassen","ShipRegion":"BC","ShipPostalCode":"T2F 8M4","ShipCountry":"Canada","CompanyName":"Bottom-Dollar Markets","Address":"23 Tsawassen Blvd.","City":"Tsawassen","Region":"BC","PostalCode":"T2F 8M4","Country":"Canada"},{"__metadata":{"uri":"https://services.odata.org/V2/Northwind/Northwind.svc/Orders_Qries(CompanyName='Bottom-Dollar%20Markets',OrderID=10918)","type":"NorthwindModel.Orders_Qry"},"OrderID":10918,"CustomerID":"BOTTM","EmployeeID":3,"OrderDate":"1998-03-02T00:00:00.000Z","RequiredDate":"1998-03-30T00:00:00.000Z","ShippedDate":"1998-03-11T00:00:00.000Z","ShipVia":3,"Freight":"48.8300","ShipName":"Bottom-Dollar Markets","ShipAddress":"23 Tsawassen Blvd.","ShipCity":"Tsawassen","ShipRegion":"BC","ShipPostalCode":"T2F 8M4","ShipCountry":"Canada","CompanyName":"Bottom-Dollar Markets","Address":"23 Tsawassen Blvd.","City":"Tsawassen","Region":"BC","PostalCode":"T2F 8M4","Country":"Canada"},{"__metadata":{"uri":"https://services.odata.org/V2/Northwind/Northwind.svc/Orders_Qries(CompanyName='Bottom-Dollar%20Markets',OrderID=10944)","type":"NorthwindModel.Orders_Qry"},"OrderID":10944,"CustomerID":"BOTTM","EmployeeID":6,"OrderDate":"1998-03-12T00:00:00.000Z","RequiredDate":"1998-03-26T00:00:00.000Z","ShippedDate":"1998-03-13T00:00:00.000Z","ShipVia":3,"Freight":"52.9200","ShipName":"Bottom-Dollar Markets","ShipAddress":"23 Tsawassen Blvd.","ShipCity":"Tsawassen","ShipRegion":"BC","ShipPostalCode":"T2F 8M4","ShipCountry":"Canada","CompanyName":"Bottom-Dollar Markets","Address":"23 Tsawassen Blvd.","City":"Tsawassen","Region":"BC","PostalCode":"T2F 8M4","Country":"Canada"},{"__metadata":{"uri":"https://services.odata.org/V2/Northwind/Northwind.svc/Orders_Qries(CompanyName='Bottom-Dollar%20Markets',OrderID=10949)","type":"NorthwindModel.Orders_Qry"},"OrderID":10949,"CustomerID":"BOTTM","EmployeeID":2,"OrderDate":"1998-03-13T00:00:00.000Z","RequiredDate":"1998-04-10T00:00:00.000Z","ShippedDate":"1998-03-17T00:00:00.000Z","ShipVia":3,"Freight":"74.4400","ShipName":"Bottom-Dollar Markets","ShipAddress":"23 Tsawassen Blvd.","ShipCity":"Tsawassen","ShipRegion":"BC","ShipPostalCode":"T2F 8M4","ShipCountry":"Canada","CompanyName":"Bottom-Dollar Markets","Address":"23 Tsawassen Blvd.","City":"Tsawassen","Region":"BC","PostalCode":"T2F 8M4","Country":"Canada"},{"__metadata":{"uri":"https://services.odata.org/V2/Northwind/Northwind.svc/Orders_Qries(CompanyName='Bottom-Dollar%20Markets',OrderID=10975)","type":"NorthwindModel.Orders_Qry"},"OrderID":10975,"CustomerID":"BOTTM","EmployeeID":1,"OrderDate":"1998-03-25T00:00:00.000Z","RequiredDate":"1998-04-22T00:00:00.000Z","ShippedDate":"1998-03-27T00:00:00.000Z","ShipVia":3,"Freight":"32.2700","ShipName":"Bottom-Dollar Markets","ShipAddress":"23 Tsawassen Blvd.","ShipCity":"Tsawassen","ShipRegion":"BC","ShipPostalCode":"T2F 8M4","ShipCountry":"Canada","CompanyName":"Bottom-Dollar Markets","Address":"23 Tsawassen Blvd.","City":"Tsawassen","Region":"BC","PostalCode":"T2F 8M4","Country":"Canada"},{"__metadata":{"uri":"https://services.odata.org/V2/Northwind/Northwind.svc/Orders_Qries(CompanyName='Bottom-Dollar%20Markets',OrderID=10982)","type":"NorthwindModel.Orders_Qry"},"OrderID":10982,"CustomerID":"BOTTM","EmployeeID":2,"OrderDate":"1998-03-27T00:00:00.000Z","RequiredDate":"1998-04-24T00:00:00.000Z","ShippedDate":"1998-04-08T00:00:00.000Z","ShipVia":1,"Freight":"14.0100","ShipName":"Bottom-Dollar Markets","ShipAddress":"23 Tsawassen Blvd.","ShipCity":"Tsawassen","ShipRegion":"BC","ShipPostalCode":"T2F 8M4","ShipCountry":"Canada","CompanyName":"Bottom-Dollar Markets","Address":"23 Tsawassen Blvd.","City":"Tsawassen","Region":"BC","PostalCode":"T2F 8M4","Country":"Canada"},{"__metadata":{"uri":"https://services.odata.org/V2/Northwind/Northwind.svc/Orders_Qries(CompanyName='Bottom-Dollar%20Markets',OrderID=11027)","type":"NorthwindModel.Orders_Qry"},"OrderID":11027,"CustomerID":"BOTTM","EmployeeID":1,"OrderDate":"1998-04-16T00:00:00.000Z","RequiredDate":"1998-05-14T00:00:00.000Z","ShippedDate":"1998-04-20T00:00:00.000Z","ShipVia":1,"Freight":"52.5200","ShipName":"Bottom-Dollar Markets","ShipAddress":"23 Tsawassen Blvd.","ShipCity":"Tsawassen","ShipRegion":"BC","ShipPostalCode":"T2F 8M4","ShipCountry":"Canada","CompanyName":"Bottom-Dollar Markets","Address":"23 Tsawassen Blvd.","City":"Tsawassen","Region":"BC","PostalCode":"T2F 8M4","Country":"Canada"},{"__metadata":{"uri":"https://services.odata.org/V2/Northwind/Northwind.svc/Orders_Qries(CompanyName='Bottom-Dollar%20Markets',OrderID=11045)","type":"NorthwindModel.Orders_Qry"},"OrderID":11045,"CustomerID":"BOTTM","EmployeeID":6,"OrderDate":"1998-04-23T00:00:00.000Z","RequiredDate":"1998-05-21T00:00:00.000Z","ShippedDate":null,"ShipVia":2,"Freight":"70.5800","ShipName":"Bottom-Dollar Markets","ShipAddress":"23 Tsawassen Blvd.","ShipCity":"Tsawassen","ShipRegion":"BC","ShipPostalCode":"T2F 8M4","ShipCountry":"Canada","CompanyName":"Bottom-Dollar Markets","Address":"23 Tsawassen Blvd.","City":"Tsawassen","Region":"BC","PostalCode":"T2F 8M4","Country":"Canada"},{"__metadata":{"uri":"https://services.odata.org/V2/Northwind/Northwind.svc/Orders_Qries(CompanyName='Bottom-Dollar%20Markets',OrderID=11048)","type":"NorthwindModel.Orders_Qry"},"OrderID":11048,"CustomerID":"BOTTM","EmployeeID":7,"OrderDate":"1998-04-24T00:00:00.000Z","RequiredDate":"1998-05-22T00:00:00.000Z","ShippedDate":"1998-04-30T00:00:00.000Z","ShipVia":3,"Freight":"24.1200","ShipName":"Bottom-Dollar Markets","ShipAddress":"23 Tsawassen Blvd.","ShipCity":"Tsawassen","ShipRegion":"BC","ShipPostalCode":"T2F 8M4","ShipCountry":"Canada","CompanyName":"Bottom-Dollar Markets","Address":"23 Tsawassen Blvd.","City":"Tsawassen","Region":"BC","PostalCode":"T2F 8M4","Country":"Canada"}]