[{"__metadata":{"uri":"https://services.odata.org/V2/Northwind/Northwind.svc/Order_Details_Extendeds(Discount=0f,OrderID=10248,ProductID=11,ProductName='Queso%20Cabrales',Quantity=12,UnitPrice=14.0000M)","type":"NorthwindModel.Order_Details_Extended"},"OrderID":10248,"ProductID":11,"ProductName":"Queso Cabrales","UnitPrice":"14.0000","Quantity":12,"Discount":0,"ExtendedPrice":"168.0000"},{"__metadata":{"uri":"https://services.odata.org/V2/Northwind/Northwind.svc/Order_Details_Extendeds(Discount=0f,OrderID=10248,ProductID=42,ProductName='Singaporean%20Hokkien%20Fried%20Mee',Quantity=10,UnitPrice=9.8000M)","type":"NorthwindModel.Order_Details_Extended"},"OrderID":10248,"ProductID":42,"ProductName":"Singaporean Hokkien Fried Mee","UnitPrice":"9.8000","Quantity":10,"Discount":0,"ExtendedPrice":"98.0000"},{"__metadata":{"uri":"https://services.odata.org/V2/Northwind/Northwind.svc/Order_Details_Extendeds(Discount=0f,OrderID=10248,ProductID=72,ProductName='Mozzarella%20di%20Giovanni',Quantity=5,UnitPrice=34.8000M)","type":"NorthwindModel.Order_Details_Extended"},"OrderID":10248,"ProductID":72,"ProductName":"Mozzarella di Giovanni","UnitPrice":"34.8000","Quantity":5,"Discount":0,"ExtendedPrice":"174.0000"},{"__metadata":{"uri":"https://services.odata.org/V2/Northwind/Northwind.svc/Order_Details_Extendeds(Discount=0f,OrderID=10249,ProductID=14,ProductName='Tofu',Quantity=9,UnitPrice=18.6000M)","type":"NorthwindModel.Order_Details_Extended"},"OrderID":10249,"ProductID":14,"ProductName":"Tofu","UnitPrice":"18.6000","Quantity":9,"Discount":0,"ExtendedPrice":"167.4000"},{"__metadata":{"uri":"https://services.odata.org/V2/Northwind/Northwind.svc/Order_Details_Extendeds(Discount=0f,OrderID=10249,ProductID=51,ProductName='Manjimup%20Dried%20Apples',Quantity=40,UnitPrice=42.4000M)","type":"NorthwindModel.Order_Details_Extended"},"OrderID":10249,"ProductID":51,"ProductName":"Manjimup Dried Apples","UnitPrice":"42.4000","Quantity":40,"Discount":0,"ExtendedPrice":"1696.0000"},{"__metadata":{"uri":"https://services.odata.org/V2/Northwind/Northwind.svc/Order_Details_Extendeds(Discount=0f,OrderID=10250,ProductID=41,ProductName='Jack''s%20New%20England%20Clam%20Chowder',Quantity=10,UnitPrice=7.7000M)","type":"NorthwindModel.Order_Details_Extended"},"OrderID":10250,"ProductID":41,"ProductName":"Jack's New England Clam Chowder","UnitPrice":"7.7000","Quantity":10,"Discount":0,"ExtendedPrice":"77.0000"},{"__metadata":{"uri":"https://services.odata.org/V2/Northwind/Northwind.svc/Order_Details_Extendeds(Discount=0f,OrderID=10251,ProductID=65,ProductName='Louisiana%20Fiery%20Hot%20Pepper%20Sauce',Quantity=20,UnitPrice=16.8000M)","type":"NorthwindModel.Order_Details_Extended"},"OrderID":10251,"ProductID":65,"ProductName":"Louisiana Fiery Hot Pepper Sauce","UnitPrice":"16.8000","Quantity":20,"Discount":0,"ExtendedPrice":"336.0000"},{"__metadata":{"uri":"https://services.odata.org/V2/Northwind/Northwind.svc/Order_Details_Extendeds(Discount=0f,OrderID=10252,ProductID=60,ProductName='Camembert%20Pierrot',Quantity=40,UnitPrice=27.2000M)","type":"NorthwindModel.Order_Details_Extended"},"OrderID":10252,"ProductID":60,"ProductName":"Camembert Pierrot","UnitPrice":"27.2000","Quantity":40,"Discount":0,"ExtendedPrice":"1088.0000"},{"__metadata":{"uri":"https://services.odata.org/V2/Northwind/Northwind.svc/Order_Details_Extendeds(Discount=0f,OrderID=10253,ProductID=31,ProductName='Gorgonzola%20Telino',Quantity=20,UnitPrice=10.0000M)","type":"NorthwindModel.Order_Details_Extended"},"OrderID":10253,"ProductID":31,"ProductName":"Gorgonzola Telino","UnitPrice":"10.0000","Quantity":20,"Discount":0,"ExtendedPrice":"200.0000"},{"__metadata":{"uri":"https://services.odata.org/V2/Northwind/Northwind.svc/Order_Details_Extendeds(Discount=0f,OrderID=10253,ProductID=39,ProductName='Chartreuse%20verte',Quantity=42,UnitPrice=14.4000M)","type":"NorthwindModel.Order_Details_Extended"},"OrderID":10253,"ProductID":39,"ProductName":"Chartreuse verte","UnitPrice":"14.4000","Quantity":42,"Discount":0,"ExtendedPrice":"604.8000"},{"__metadata":{"uri":"https://services.odata.org/V2/Northwind/Northwind.svc/Order_Details_Extendeds(Discount=0f,OrderID=10253,ProductID=49,ProductName='Maxilaku',Quantity=40,UnitPrice=16.0000M)","type":"NorthwindModel.Order_Details_Extended"},"OrderID":10253,"ProductID":49,"ProductName":"Maxilaku","UnitPrice":"16.0000","Quantity":40,"Discount":0,"ExtendedPrice":"640.0000"},{"__metadata":{"uri":"https://services.odata.org/V2/Northwind/Northwind.svc/Order_Details_Extendeds(Discount=0f,OrderID=10254,ProductID=74,ProductName='Longlife%20Tofu',Quantity=21,UnitPrice=8.0000M)","type":"NorthwindModel.Order_Details_Extended"},"OrderID":10254,"ProductID":74,"ProductName":"Longlife Tofu","UnitPrice":"8.0000","Quantity":21,"Discount":0,"ExtendedPrice":"168.0000"},{"__metadata":{"uri":"https://services.odata.org/V2/Northwind/Northwind.svc/Order_Details_Extendeds(Discount=0f,OrderID=10255,ProductID=2,ProductName='Chang',Quantity=20,UnitPrice=15.2000M)","type":"NorthwindModel.Order_Details_Extended"},"OrderID":10255,"ProductID":2,"ProductName":"Chang","UnitPrice":"15.2000","Quantity":20,"Discount":0,"ExtendedPrice":"304.0000"},{"__metadata":{"uri":"https://services.odata.org/V2/Northwind/Northwind.svc/Order_Details_Extendeds(Discount=0f,OrderID=10255,ProductID=16,ProductName='Pavlova',Quantity=35,UnitPrice=13.9000M)","type":"NorthwindModel.Order_Details_Extended"},"OrderID":10255,"ProductID":16,"ProductName":"Pavlova","UnitPrice":"13.9000","Quantity":35,"Discount":0,"ExtendedPrice":"486.5000"},{"__metadata":{"uri":"https://services.odata.org/V2/Northwind/Northwind.svc/Order_Details_Extendeds(Discount=0f,OrderID=10255,ProductID=36,ProductName='Inlagd%20Sill',Quantity=25,UnitPrice=15.2000M)","type":"NorthwindModel.Order_Details_Extended"},"OrderID":10255,"ProductID":36,"ProductName":"Inlagd Sill","UnitPrice":"15.2000","Quantity":25,"Discount":0,"ExtendedPrice":"380.0000"},{"__metadata":{"uri":"https://services.odata.org/V2/Northwind/Northwind.svc/Order_Details_Extendeds(Discount=0f,OrderID=10255,ProductID=59,ProductName='Raclette%20Courdavault',Quantity=30,UnitPrice=44.0000M)","type":"NorthwindModel.Order_Details_Extended"},"OrderID":10255,"ProductID":59,"ProductName":"Raclette Courdavault","UnitPrice":"44.0000","Quantity":30,"Discount":0,"ExtendedPrice":"1320.0000"},{"__metadata":{"uri":"https://services.odata.org/V2/Northwind/Northwind.svc/Order_Details_Extendeds(Discount=0f,OrderID=10256,ProductID=53,ProductName='Perth%20Pasties',Quantity=15,UnitPrice=26.2000M)","type":"NorthwindModel.Order_Details_Extended"},"OrderID":10256,"ProductID":53,"ProductName":"Perth Pasties","UnitPrice":"26.2000","Quantity":15,"Discount":0,"ExtendedPrice":"393.0000"},{"__metadata":{"uri":"https://services.odata.org/V2/Northwind/Northwind.svc/Order_Details_Extendeds(Discount=0f,OrderID=10256,ProductID=77,ProductName='Original%20Frankfurter%20gr%C3%BCne%20So%C3%9Fe',Quantity=12,UnitPrice=10.4000M)","type":"NorthwindModel.Order_Details_Extended"},"OrderID":10256,"ProductID":77,"ProductName":"Original Frankfurter grüne Soße","UnitPrice":"10.4000","Quantity":12,"Discount":0,"ExtendedPrice":"124.8000"},{"__metadata":{"uri":"https://services.odata.org/V2/Northwind/Northwind.svc/Order_Details_Extendeds(Discount=0f,OrderID=10257,ProductID=27,ProductName='Schoggi%20Schokolade',Quantity=25,UnitPrice=35.1000M)","type":"NorthwindModel.Order_Details_Extended"},"OrderID":10257,"ProductID":27,"ProductName":"Schoggi Schokolade","UnitPrice":"35.1000","Quantity":25,"Discount":0,"ExtendedPrice":"877.5000"},{"__metadata":{"uri":"https://services.odata.org/V2/Northwind/Northwind.svc/Order_Details_Extendeds(Discount=0f,OrderID=10257,ProductID=39,ProductName='Chartreuse%20verte',Quantity=6,UnitPrice=14.4000M)","type":"NorthwindModel.Order_Details_Extended"},"OrderID":10257,"ProductID":39,"ProductName":"Chartreuse verte","UnitPrice":"14.4000","Quantity":6,"Discount":0,"ExtendedPrice":"86.4000"},{"__metadata":{"uri":"https://services.odata.org/V2/Northwind/Northwind.svc/Order_Details_Extendeds(Discount=0f,OrderID=10257,ProductID=77,ProductName='Original%20Frankfurter%20gr%C3%BCne%20So%C3%9Fe',Quantity=15,UnitPrice=10.4000M)","type":"NorthwindModel.Order_Details_Extended"},"OrderID":10257,"ProductID":77,"ProductName":"Original Frankfurter grüne Soße","UnitPrice":"10.4000","Quantity":15,"Discount":0,"ExtendedPrice":"156.0000"},{"__metadata":{"uri":"https://services.odata.org/V2/Northwind/Northwind.svc/Order_Details_Extendeds(Discount=0f,OrderID=10259,ProductID=21,ProductName='Sir%20Rodney''s%20Scones',Quantity=10,UnitPrice=8.0000M)","type":"NorthwindModel.Order_Details_Extended"},"OrderID":10259,"ProductID":21,"ProductName":"Sir Rodney's Scones","UnitPrice":"8.0000","Quantity":10,"Discount":0,"ExtendedPrice":"80.0000"},{"__metadata":{"uri":"https://services.odata.org/V2/Northwind/Northwind.svc/Order_Details_Extendeds(Discount=0f,OrderID=10259,ProductID=37,ProductName='Gravad%20lax',Quantity=1,UnitPrice=20.8000M)","type":"NorthwindModel.Order_Details_Extended"},"OrderID":10259,"ProductID":37,"ProductName":"Gravad lax","UnitPrice":"20.8000","Quantity":1,"Discount":0,"ExtendedPrice":"20.8000"},{"__metadata":{"uri":"https://services.odata.org/V2/Northwind/Northwind.svc/Order_Details_Extendeds(Discount=0f,OrderID=10260,ProductID=57,ProductName='Ravioli%20Angelo',Quantity=50,UnitPrice=15.6000M)","type":"NorthwindModel.Order_Details_Extended"},"OrderID":10260,"ProductID":57,"ProductName":"Ravioli Angelo","UnitPrice":"15.6000","Quantity":50,"Discount":0,"ExtendedPrice":"780.0000"},{"__metadata":{"uri":"https://services.odata.org/V2/Northwind/Northwind.svc/Order_Details_Extendeds(Discount=0f,OrderID=10261,ProductID=21,ProductName='Sir%20Rodney''s%20Scones',Quantity=20,UnitPrice=8.0000M)","type":"NorthwindModel.Order_Details_Extended"},"OrderID":10261,"ProductID":21,"ProductName":"Sir Rodney's Scones","UnitPrice":"8.0000","Quantity":20,"Discount":0,"ExtendedPrice":"160.0000"},{"__metadata":{"uri":"https://services.odata.org/V2/Northwind/Northwind.svc/Order_Details_Extendeds(Discount=0f,OrderID=10261,ProductID=35,ProductName='Steeleye%20Stout',Quantity=20,UnitPrice=14.4000M)","type":"NorthwindModel.Order_Details_Extended"},"OrderID":10261,"ProductID":35,"ProductName":"Steeleye Stout","UnitPrice":"14.4000","Quantity":20,"Discount":0,"ExtendedPrice":"288.0000"},{"__metadata":{"uri":"https://services.odata.org/V2/Northwind/Northwind.svc/Order_Details_Extendeds(Discount=0f,OrderID=10262,ProductID=7,ProductName='Uncle%20Bob''s%20Organic%20Dried%20Pears',Quantity=15,UnitPrice=24.0000M)","type":"NorthwindModel.Order_Details_Extended"},"OrderID":10262,"ProductID":7,"ProductName":"Uncle Bob's Organic Dried Pears","UnitPrice":"24.0000","Quantity":15,"Discount":0,"ExtendedPrice":"360.0000"},{"__metadata":{"uri":"https://services.odata.org/V2/Northwind/Northwind.svc/Order_Details_Extendeds(Discount=0f,OrderID=10262,ProductID=56,ProductName='Gnocchi%20di%20nonna%20Alice',Quantity=2,UnitPrice=30.4000M)","type":"NorthwindModel.Order_Details_Extended"},"OrderID":10262,"ProductID":56,"ProductName":"Gnocchi di nonna Alice","UnitPrice":"30.4000","Quantity":2,"Discount":0,"ExtendedPrice":"60.8000"},{"__metadata":{"uri":"https://services.odata.org/V2/Northwind/Northwind.svc/Order_Details_Extendeds(Discount=0f,OrderID=10263,ProductID=24,ProductName='Guaran%C3%A1%20Fant%C3%A1stica',Quantity=28,UnitPrice=3.6000M)","type":"NorthwindModel.Order_Details_Extended"},"OrderID":10263,"ProductID":24,"ProductName":"Guaraná Fantástica","UnitPrice":"3.6000","Quantity":28,"Discount":0,"ExtendedPrice":"100.8000"},{"__metadata":{"uri":"https://services.odata.org/V2/Northwind/Northwind.svc/Order_Details_Extendeds(Discount=0f,OrderID=10264,ProductID=2,ProductName='Chang',Quantity=35,UnitPrice=15.2000M)","type":"NorthwindModel.Order_Details_Extended"},"OrderID":10264,"ProductID":2,"ProductName":"Chang","UnitPrice":"15.2000","Quantity":35,"Discount":0,"ExtendedPrice":"532.0000"},{"__metadata":{"uri":"https://services.odata.org/V2/Northwind/Northwind.svc/Order_Details_Extendeds(Discount=0f,OrderID=10265,ProductID=17,ProductName='Alice%20Mutton',Quantity=30,UnitPrice=31.2000M)","type":"NorthwindModel.Order_Details_Extended"},"OrderID":10265,"ProductID":17,"ProductName":"Alice Mutton","UnitPrice":"31.2000","Quantity":30,"Discount":0,"ExtendedPrice":"936.0000"},{"__metadata":{"uri":"https://services.odata.org/V2/Northwind/Northwind.svc/Order_Details_Extendeds(Discount=0f,OrderID=10265,ProductID=70,ProductName='Outback%20Lager',Quantity=20,UnitPrice=12.0000M)","type":"NorthwindModel.Order_Details_Extended"},"OrderID":10265,"ProductID":70,"ProductName":"Outback Lager","UnitPrice":"12.0000","Quantity":20,"Discount":0,"ExtendedPrice":"240.0000"},{"__metadata":{"uri":"https://services.odata.org/V2/Northwind/Northwind.svc/Order_Details_Extendeds(Discount=0f,OrderID=10267,ProductID=40,ProductName='Boston%20Crab%20Meat',Quantity=50,UnitPrice=14.7000M)","type":"NorthwindModel.Order_Details_Extended"},"OrderID":10267,"ProductID":40,"ProductName":"Boston Crab Meat","UnitPrice":"14.7000","Quantity":50,"Discount":0,"ExtendedPrice":"735.0000"},{"__metadata":{"uri":"https://services.odata.org/V2/Northwind/Northwind.svc/Order_Details_Extendeds(Discount=0f,OrderID=10268,ProductID=29,ProductName='Th%C3%BCringer%20Rostbratwurst',Quantity=10,UnitPrice=99.0000M)","type":"NorthwindModel.Order_Details_Extended"},"OrderID":10268,"ProductID":29,"ProductName":"Thüringer Rostbratwurst","UnitPrice":"99.0000","Quantity":10,"Discount":0,"ExtendedPrice":"990.0000"},{"__metadata":{"uri":"https://services.odata.org/V2/Northwind/Northwind.svc/Order_Details_Extendeds(Discount=0f,OrderID=10268,ProductID=72,ProductName='Mozzarella%20di%20Giovanni',Quantity=4,UnitPrice=27.8000M)","type":"NorthwindModel.Order_Details_Extended"},"OrderID":10268,"ProductID":72,"ProductName":"Mozzarella di Giovanni","UnitPrice":"27.8000","Quantity":4,"Discount":0,"ExtendedPrice":"111.2000"},{"__metadata":{"uri":"https://services.odata.org/V2/Northwind/Northwind.svc/Order_Details_Extendeds(Discount=0f,OrderID=10270,ProductID=36,ProductName='Inlagd%20Sill',Quantity=30,UnitPrice=15.2000M)","type":"NorthwindModel.Order_Details_Extended"},"OrderID":10270,"ProductID":36,"ProductName":"Inlagd Sill","UnitPrice":"15.2000","Quantity":30,"Discount":0,"ExtendedPrice":"456.0000"},{"__metadata":{"uri":"https://services.odata.org/V2/Northwind/Northwind.svc/Order_Details_Extendeds(Discount=0f,OrderID=10270,ProductID=43,ProductName='Ipoh%20Coffee',Quantity=25,UnitPrice=36.8000M)","type":"NorthwindModel.Order_Details_Extended"},"OrderID":10270,"ProductID":43,"ProductName":"Ipoh Coffee","UnitPrice":"36.8000","Quantity":25,"Discount":0,"ExtendedPrice":"920.0000"},{"__metadata":{"uri":"https://services.odata.org/V2/Northwind/Northwind.svc/Order_Details_Extendeds(Discount=0f,OrderID=10271,ProductID=33,ProductName='Geitost',Quantity=24,UnitPrice=2.0000M)","type":"NorthwindModel.Order_Details_Extended"},"OrderID":10271,"ProductID":33,"ProductName":"Geitost","UnitPrice":"2.0000","Quantity":24,"Discount":0,"ExtendedPrice":"48.0000"},{"__metadata":{"uri":"https://services.odata.org/V2/Northwind/Northwind.svc/Order_Details_Extendeds(Discount=0f,OrderID=10272,ProductID=20,ProductName='Sir%20Rodney''s%20Marmalade',Quantity=6,UnitPrice=64.8000M)","type":"NorthwindModel.Order_Details_Extended"},"OrderID":10272,"ProductID":20,"ProductName":"Sir Rodney's Marmalade","UnitPrice":"64.8000","Quantity":6,"Discount":0,"ExtendedPrice":"388.8000"},{"__metadata":{"uri":"https://services.odata.org/V2/Northwind/Northwind.svc/Order_Details_Extendeds(Discount=0f,OrderID=10272,ProductID=31,ProductName='Gorgonzola%20Telino',Quantity=40,UnitPrice=10.0000M)","type":"NorthwindModel.Order_Details_Extended"},"OrderID":10272,"ProductID":31,"ProductName":"Gorgonzola Telino","UnitPrice":"10.0000","Quantity":40,"Discount":0,"ExtendedPrice":"400.0000"},{"__metadata":{"uri":"https://services.odata.org/V2/Northwind/Northwind.svc/Order_Details_Extendeds(Discount=0f,OrderID=10272,ProductID=72,ProductName='Mozzarella%20di%20Giovanni',Quantity=24,UnitPrice=27.8000M)","type":"NorthwindModel.Order_Details_Extended"},"OrderID":10272,"ProductID":72,"ProductName":"Mozzarella di Giovanni","UnitPrice":"27.8000","Quantity":24,"Discount":0,"ExtendedPrice":"667.2000"},{"__metadata":{"uri":"https://services.odata.org/V2/Northwind/Northwind.svc/Order_Details_Extendeds(Discount=0f,OrderID=10273,ProductID=33,ProductName='Geitost',Quantity=20,UnitPrice=2.0000M)","type":"NorthwindModel.Order_Details_Extended"},"OrderID":10273,"ProductID":33,"ProductName":"Geitost","UnitPrice":"2.0000","Quantity":20,"Discount":0,"ExtendedPrice":"40.0000"},{"__metadata":{"uri":"https://services.odata.org/V2/Northwind/Northwind.svc/Order_Details_Extendeds(Discount=0f,OrderID=10274,ProductID=71,ProductName='Flotemysost',Quantity=20,UnitPrice=17.2000M)","type":"NorthwindModel.Order_Details_Extended"},"OrderID":10274,"ProductID":71,"ProductName":"Flotemysost","UnitPrice":"17.2000","Quantity":20,"Discount":0,"ExtendedPrice":"344.0000"},{"__metadata":{"uri":"https://services.odata.org/V2/Northwind/Northwind.svc/Order_Details_Extendeds(Discount=0f,OrderID=10274,ProductID=72,ProductName='Mozzarella%20di%20Giovanni',Quantity=7,UnitPrice=27.8000M)","type":"NorthwindModel.Order_Details_Extended"},"OrderID":10274,"ProductID":72,"ProductName":"Mozzarella di Giovanni","UnitPrice":"27.8000","Quantity":7,"Discount":0,"ExtendedPrice":"194.6000"},{"__metadata":{"uri":"https://services.odata.org/V2/Northwind/Northwind.svc/Order_Details_Extendeds(Discount=0f,OrderID=10276,ProductID=10,ProductName='Ikura',Quantity=15,UnitPrice=24.8000M)","type":"NorthwindModel.Order_Details_Extended"},"OrderID":10276,"ProductID":10,"ProductName":"Ikura","UnitPrice":"24.8000","Quantity":15,"Discount":0,"ExtendedPrice":"372.0000"},{"__metadata":{"uri":"https://services.odata.org/V2/Northwind/Northwind.svc/Order_Details_Extendeds(Discount=0f,OrderID=10276,ProductID=13,ProductName='Konbu',Quantity=10,UnitPrice=4.8000M)","type":"NorthwindModel.Order_Details_Extended"},"OrderID":10276,"ProductID":13,"ProductName":"Konbu","UnitPrice":"4.8000","Quantity":10,"Discount":0,"ExtendedPrice":"48.0000"},{"__metadata":{"uri":"https://services.odata.org/V2/Northwind/Northwind.svc/Order_Details_Extendeds(Discount=0f,OrderID=10277,ProductID=28,ProductName='R%C3%B6ssle%20Sauerkraut',Quantity=20,UnitPrice=36.4000M)","type":"NorthwindModel.Order_Details_Extended"},"OrderID":10277,"ProductID":28,"ProductName":"Rössle Sauerkraut","UnitPrice":"36.4000","Quantity":20,"Discount":0,"ExtendedPrice":"728.0000"},{"__metadata":{"uri":"https://services.odata.org/V2/Northwind/Northwind.svc/Order_Details_Extendeds(Discount=0f,OrderID=10277,ProductID=62,ProductName='Tarte%20au%20sucre',Quantity=12,UnitPrice=39.4000M)","type":"NorthwindModel.Order_Details_Extended"},"OrderID":10277,"ProductID":62,"ProductName":"Tarte au sucre","UnitPrice":"39.4000","Quantity":12,"Discount":0,"ExtendedPrice":"472.8000"},{"__metadata":{"uri":"https://services.odata.org/V2/Northwind/Northwind.svc/Order_Details_Extendeds(Discount=0f,OrderID=10278,ProductID=44,ProductName='Gula%20Malacca',Quantity=16,UnitPrice=15.5000M)","type":"NorthwindModel.Order_Details_Extended"},"OrderID":10278,"ProductID":44,"ProductName":"Gula Malacca","UnitPrice":"15.5000","Quantity":16,"Discount":0,"ExtendedPrice":"248.0000"},{"__metadata":{"uri":"https://services.odata.org/V2/Northwind/Northwind.svc/Order_Details_Extendeds(Discount=0f,OrderID=10278,ProductID=59,ProductName='Raclette%20Courdavault',Quantity=15,UnitPrice=44.0000M)","type":"NorthwindModel.Order_Details_Extended"},"OrderID":10278,"ProductID":59,"ProductName":"Raclette Courdavault","UnitPrice":"44.0000","Quantity":15,"Discount":0,"ExtendedPrice":"660.0000"},{"__metadata":{"uri":"https://services.odata.org/V2/Northwind/Northwind.svc/Order_Details_Extendeds(Discount=0f,OrderID=10278,ProductID=63,ProductName='Vegie-spread',Quantity=8,UnitPrice=35.1000M)","type":"NorthwindModel.Order_Details_Extended"},"OrderID":10278,"ProductID":63,"ProductName":"Vegie-spread","UnitPrice":"35.1000","Quantity":8,"Discount":0,"ExtendedPrice":"280.8000"},{"__metadata":{"uri":"https://services.odata.org/V2/Northwind/Northwind.svc/Order_Details_Extendeds(Discount=0f,OrderID=10278,ProductID=73,ProductName='R%C3%B6d%20Kaviar',Quantity=25,UnitPrice=12.0000M)","type":"NorthwindModel.Order_Details_Extended"},"OrderID":10278,"ProductID":73,"ProductName":"Röd Kaviar","UnitPrice":"12.0000","Quantity":25,"Discount":0,"ExtendedPrice":"300.0000"},{"__metadata":{"uri":"https://services.odata.org/V2/Northwind/Northwind.svc/Order_Details_Extendeds(Discount=0f,OrderID=10280,ProductID=24,ProductName='Guaran%C3%A1%20Fant%C3%A1stica',Quantity=12,UnitPrice=3.6000M)","type":"NorthwindModel.Order_Details_Extended"},"OrderID":10280,"ProductID":24,"ProductName":"Guaraná Fantástica","UnitPrice":"3.6000","Quantity":12,"Discount":0,"ExtendedPrice":"43.2000"},{"__metadata":{"uri":"https://services.odata.org/V2/Northwind/Northwind.svc/Order_Details_Extendeds(Discount=0f,OrderID=10280,ProductID=55,ProductName='P%C3%A2t%C3%A9%20chinois',Quantity=20,UnitPrice=19.2000M)","type":"NorthwindModel.Order_Details_Extended"},"OrderID":10280,"ProductID":55,"ProductName":"Pâté chinois","UnitPrice":"19.2000","Quantity":20,"Discount":0,"ExtendedPrice":"384.0000"},{"__metadata":{"uri":"https://services.odata.org/V2/Northwind/Northwind.svc/Order_Details_Extendeds(Discount=0f,OrderID=10280,ProductID=75,ProductName='Rh%C3%B6nbr%C3%A4u%20Klosterbier',Quantity=30,UnitPrice=6.2000M)","type":"NorthwindModel.Order_Details_Extended"},"OrderID":10280,"ProductID":75,"ProductName":"Rhönbräu Klosterbier","UnitPrice":"6.2000","Quantity":30,"Discount":0,"ExtendedPrice":"186.0000"},{"__metadata":{"uri":"https://services.odata.org/V2/Northwind/Northwind.svc/Order_Details_Extendeds(Discount=0f,OrderID=10281,ProductID=19,ProductName='Teatime%20Chocolate%20Biscuits',Quantity=1,UnitPrice=7.3000M)","type":"NorthwindModel.Order_Details_Extended"},"OrderID":10281,"ProductID":19,"ProductName":"Teatime Chocolate Biscuits","UnitPrice":"7.3000","Quantity":1,"Discount":0,"ExtendedPrice":"7.3000"},{"__metadata":{"uri":"https://services.odata.org/V2/Northwind/Northwind.svc/Order_Details_Extendeds(Discount=0f,OrderID=10281,ProductID=24,ProductName='Guaran%C3%A1%20Fant%C3%A1stica',Quantity=6,UnitPrice=3.6000M)","type":"NorthwindModel.Order_Details_Extended"},"OrderID":10281,"ProductID":24,"ProductName":"Guaraná Fantástica","UnitPrice":"3.6000","Quantity":6,"Discount":0,"ExtendedPrice":"21.6000"},{"__metadata":{"uri":"https://services.odata.org/V2/Northwind/Northwind.svc/Order_Details_Extendeds(Discount=0f,OrderID=10281,ProductID=35,ProductName='Steeleye%20Stout',Quantity=4,UnitPrice=14.4000M)","type":"NorthwindModel.Order_Details_Extended"},"OrderID":10281,"ProductID":35,"ProductName":"Steeleye Stout","UnitPrice":"14.4000","Quantity":4,"Discount":0,"ExtendedPrice":"57.6000"},{"__metadata":{"uri":"https://services.odata.org/V2/Northwind/Northwind.svc/Order_Details_Extendeds(Discount=0f,OrderID=10282,ProductID=30,ProductName='Nord-Ost%20Matjeshering',Quantity=6,UnitPrice=20.7000M)","type":"NorthwindModel.Order_Details_Extended"},"OrderID":10282,"ProductID":30,"ProductName":"Nord-Ost Matjeshering","UnitPrice":"20.7000","Quantity":6,"Discount":0,"ExtendedPrice":"124.2000"},{"__metadata":{"uri":"https://services.odata.org/V2/Northwind/Northwind.svc/Order_Details_Extendeds(Discount=0f,OrderID=10282,ProductID=57,ProductName='Ravioli%20Angelo',Quantity=2,UnitPrice=15.6000M)","type":"NorthwindModel.Order_Details_Extended"},"OrderID":10282,"ProductID":57,"ProductName":"Ravioli Angelo","UnitPrice":"15.6000","Quantity":2,"Discount":0,"ExtendedPrice":"31.2000"},{"__metadata":{"uri":"https://services.odata.org/V2/Northwind/Northwind.svc/Order_Details_Extendeds(Discount=0f,OrderID=10283,ProductID=15,ProductName='Genen%20Shouyu',Quantity=20,UnitPrice=12.4000M)","type":"NorthwindModel.Order_Details_Extended"},"OrderID":10283,"ProductID":15,"ProductName":"Genen Shouyu","UnitPrice":"12.4000","Quantity":20,"Discount":0,"ExtendedPrice":"248.0000"},{"__metadata":{"uri":"https://services.odata.org/V2/Northwind/Northwind.svc/Order_Details_Extendeds(Discount=0f,OrderID=10283,ProductID=19,ProductName='Teatime%20Chocolate%20Biscuits',Quantity=18,UnitPrice=7.3000M)","type":"NorthwindModel.Order_Details_Extended"},"OrderID":10283,"ProductID":19,"ProductName":"Teatime Chocolate Biscuits","UnitPrice":"7.3000","Quantity":18,"Discount":0,"ExtendedPrice":"131.4000"},{"__metadata":{"uri":"https://services.odata.org/V2/Northwind/Northwind.svc/Order_Details_Extendeds(Discount=0f,OrderID=10283,ProductID=60,ProductName='Camembert%20Pierrot',Quantity=35,UnitPrice=27.2000M)","type":"NorthwindModel.Order_Details_Extended"},"OrderID":10283,"ProductID":60,"ProductName":"Camembert Pierrot","UnitPrice":"27.2000","Quantity":35,"Discount":0,"ExtendedPrice":"952.0000"},{"__metadata":{"uri":"https://services.odata.org/V2/Northwind/Northwind.svc/Order_Details_Extendeds(Discount=0f,OrderID=10283,ProductID=72,ProductName='Mozzarella%20di%20Giovanni',Quantity=3,UnitPrice=27.8000M)","type":"NorthwindModel.Order_Details_Extended"},"OrderID":10283,"ProductID":72,"ProductName":"Mozzarella di Giovanni","UnitPrice":"27.8000","Quantity":3,"Discount":0,"ExtendedPrice":"83.4000"},{"__metadata":{"uri":"https://services.odata.org/V2/Northwind/Northwind.svc/Order_Details_Extendeds(Discount=0f,OrderID=10284,ProductID=44,ProductName='Gula%20Malacca',Quantity=21,UnitPrice=15.5000M)","type":"NorthwindModel.Order_Details_Extended"},"OrderID":10284,"ProductID":44,"ProductName":"Gula Malacca","UnitPrice":"15.5000","Quantity":21,"Discount":0,"ExtendedPrice":"325.5000"},{"__metadata":{"uri":"https://services.odata.org/V2/Northwind/Northwind.svc/Order_Details_Extendeds(Discount=0f,OrderID=10286,ProductID=35,ProductName='Steeleye%20Stout',Quantity=100,UnitPrice=14.4000M)","type":"NorthwindModel.Order_Details_Extended"},"OrderID":10286,"ProductID":35,"ProductName":"Steeleye Stout","UnitPrice":"14.4000","Quantity":100,"Discount":0,"ExtendedPrice":"1440.0000"},{"__metadata":{"uri":"https://services.odata.org/V2/Northwind/Northwind.svc/Order_Details_Extendeds(Discount=0f,OrderID=10286,ProductID=62,ProductName='Tarte%20au%20sucre',Quantity=40,UnitPrice=39.4000M)","type":"NorthwindModel.Order_Details_Extended"},"OrderID":10286,"ProductID":62,"ProductName":"Tarte au sucre","UnitPrice":"39.4000","Quantity":40,"Discount":0,"ExtendedPrice":"1576.0000"},{"__metadata":{"uri":"https://services.odata.org/V2/Northwind/Northwind.svc/Order_Details_Extendeds(Discount=0f,OrderID=10287,ProductID=34,ProductName='Sasquatch%20Ale',Quantity=20,UnitPrice=11.2000M)","type":"NorthwindModel.Order_Details_Extended"},"OrderID":10287,"ProductID":34,"ProductName":"Sasquatch Ale","UnitPrice":"11.2000","Quantity":20,"Discount":0,"ExtendedPrice":"224.0000"},{"__metadata":{"uri":"https://services.odata.org/V2/Northwind/Northwind.svc/Order_Details_Extendeds(Discount=0f,OrderID=10289,ProductID=3,ProductName='Aniseed%20Syrup',Quantity=30,UnitPrice=8.0000M)","type":"NorthwindModel.Order_Details_Extended"},"OrderID":10289,"ProductID":3,"ProductName":"Aniseed Syrup","UnitPrice":"8.0000","Quantity":30,"Discount":0,"ExtendedPrice":"240.0000"},{"__metadata":{"uri":"https://services.odata.org/V2/Northwind/Northwind.svc/Order_Details_Extendeds(Discount=0f,OrderID=10289,ProductID=64,ProductName='Wimmers%20gute%20Semmelkn%C3%B6del',Quantity=9,UnitPrice=26.6000M)","type":"NorthwindModel.Order_Details_Extended"},"OrderID":10289,"ProductID":64,"ProductName":"Wimmers gute Semmelknödel","UnitPrice":"26.6000","Quantity":9,"Discount":0,"ExtendedPrice":"239.4000"},{"__metadata":{"uri":"https://services.odata.org/V2/Northwind/Northwind.svc/Order_Details_Extendeds(Discount=0f,OrderID=10290,ProductID=5,ProductName='Chef%20Anton''s%20Gumbo%20Mix',Quantity=20,UnitPrice=17.0000M)","type":"NorthwindModel.Order_Details_Extended"},"OrderID":10290,"ProductID":5,"ProductName":"Chef Anton's Gumbo Mix","UnitPrice":"17.0000","Quantity":20,"Discount":0,"ExtendedPrice":"340.0000"},{"__metadata":{"uri":"https://services.odata.org/V2/Northwind/Northwind.svc/Order_Details_Extendeds(Discount=0f,OrderID=10290,ProductID=29,ProductName='Th%C3%BCringer%20Rostbratwurst',Quantity=15,UnitPrice=99.0000M)","type":"NorthwindModel.Order_Details_Extended"},"OrderID":10290,"ProductID":29,"ProductName":"Thüringer Rostbratwurst","UnitPrice":"99.0000","Quantity":15,"Discount":0,"ExtendedPrice":"1485.0000"},{"__metadata":{"uri":"https://services.odata.org/V2/Northwind/Northwind.svc/Order_Details_Extendeds(Discount=0f,OrderID=10290,ProductID=49,ProductName='Maxilaku',Quantity=15,UnitPrice=16.0000M)","type":"NorthwindModel.Order_Details_Extended"},"OrderID":10290,"ProductID":49,"ProductName":"Maxilaku","UnitPrice":"16.0000","Quantity":15,"Discount":0,"ExtendedPrice":"240.0000"},{"__metadata":{"uri":"https://services.odata.org/V2/Northwind/Northwind.svc/Order_Details_Extendeds(Discount=0f,OrderID=10290,ProductID=77,ProductName='Original%20Frankfurter%20gr%C3%BCne%20So%C3%9Fe',Quantity=10,UnitPrice=10.4000M)","type":"NorthwindModel.Order_Details_Extended"},"OrderID":10290,"ProductID":77,"ProductName":"Original Frankfurter grüne Soße","UnitPrice":"10.4000","Quantity":10,"Discount":0,"ExtendedPrice":"104.0000"},{"__metadata":{"uri":"https://services.odata.org/V2/Northwind/Northwind.svc/Order_Details_Extendeds(Discount=0f,OrderID=10292,ProductID=20,ProductName='Sir%20Rodney''s%20Marmalade',Quantity=20,UnitPrice=64.8000M)","type":"NorthwindModel.Order_Details_Extended"},"OrderID":10292,"ProductID":20,"ProductName":"Sir Rodney's Marmalade","UnitPrice":"64.8000","Quantity":20,"Discount":0,"ExtendedPrice":"1296.0000"},{"__metadata":{"uri":"https://services.odata.org/V2/Northwind/Northwind.svc/Order_Details_Extendeds(Discount=0f,OrderID=10293,ProductID=18,ProductName='Carnarvon%20Tigers',Quantity=12,UnitPrice=50.0000M)","type":"NorthwindModel.Order_Details_Extended"},"OrderID":10293,"ProductID":18,"ProductName":"Carnarvon Tigers","UnitPrice":"50.0000","Quantity":12,"Discount":0,"ExtendedPrice":"600.0000"},{"__metadata":{"uri":"https://services.odata.org/V2/Northwind/Northwind.svc/Order_Details_Extendeds(Discount=0f,OrderID=10293,ProductID=24,ProductName='Guaran%C3%A1%20Fant%C3%A1stica',Quantity=10,UnitPrice=3.6000M)","type":"NorthwindModel.Order_Details_Extended"},"OrderID":10293,"ProductID":24,"ProductName":"Guaraná Fantástica","UnitPrice":"3.6000","Quantity":10,"Discount":0,"ExtendedPrice":"36.0000"},{"__metadata":{"uri":"https://services.odata.org/V2/Northwind/Northwind.svc/Order_Details_Extendeds(Discount=0f,OrderID=10293,ProductID=63,ProductName='Vegie-spread',Quantity=5,UnitPrice=35.1000M)","type":"NorthwindModel.Order_Details_Extended"},"OrderID":10293,"ProductID":63,"ProductName":"Vegie-spread","UnitPrice":"35.1000","Quantity":5,"Discount":0,"ExtendedPrice":"175.5000"},{"__metadata":{"uri":"https://services.odata.org/V2/Northwind/Northwind.svc/Order_Details_Extendeds(Discount=0f,OrderID=10293,ProductID=75,ProductName='Rh%C3%B6nbr%C3%A4u%20Klosterbier',Quantity=6,UnitPrice=6.2000M)","type":"NorthwindModel.Order_Details_Extended"},"OrderID":10293,"ProductID":75,"ProductName":"Rhönbräu Klosterbier","UnitPrice":"6.2000","Quantity":6,"Discount":0,"ExtendedPrice":"37.2000"},{"__metadata":{"uri":"https://services.odata.org/V2/Northwind/Northwind.svc/Order_Details_Extendeds(Discount=0f,OrderID=10294,ProductID=1,ProductName='Chai',Quantity=18,UnitPrice=14.4000M)","type":"NorthwindModel.Order_Details_Extended"},"OrderID":10294,"ProductID":1,"ProductName":"Chai","UnitPrice":"14.4000","Quantity":18,"Discount":0,"ExtendedPrice":"259.2000"},{"__metadata":{"uri":"https://services.odata.org/V2/Northwind/Northwind.svc/Order_Details_Extendeds(Discount=0f,OrderID=10294,ProductID=17,ProductName='Alice%20Mutton',Quantity=15,UnitPrice=31.2000M)","type":"NorthwindModel.Order_Details_Extended"},"OrderID":10294,"ProductID":17,"ProductName":"Alice Mutton","UnitPrice":"31.2000","Quantity":15,"Discount":0,"ExtendedPrice":"468.0000"},{"__metadata":{"uri":"https://services.odata.org/V2/Northwind/Northwind.svc/Order_Details_Extendeds(Discount=0f,OrderID=10294,ProductID=43,ProductName='Ipoh%20Coffee',Quantity=15,UnitPrice=36.8000M)","type":"NorthwindModel.Order_Details_Extended"},"OrderID":10294,"ProductID":43,"ProductName":"Ipoh Coffee","UnitPrice":"36.8000","Quantity":15,"Discount":0,"ExtendedPrice":"552.0000"},{"__metadata":{"uri":"https://services.odata.org/V2/Northwind/Northwind.svc/Order_Details_Extendeds(Discount=0f,OrderID=10294,ProductID=60,ProductName='Camembert%20Pierrot',Quantity=21,UnitPrice=27.2000M)","type":"NorthwindModel.Order_Details_Extended"},"OrderID":10294,"ProductID":60,"ProductName":"Camembert Pierrot","UnitPrice":"27.2000","Quantity":21,"Discount":0,"ExtendedPrice":"571.2000"},{"__metadata":{"uri":"https://services.odata.org/V2/Northwind/Northwind.svc/Order_Details_Extendeds(Discount=0f,OrderID=10294,ProductID=75,ProductName='Rh%C3%B6nbr%C3%A4u%20Klosterbier',Quantity=6,UnitPrice=6.2000M)","type":"NorthwindModel.Order_Details_Extended"},"OrderID":10294,"ProductID":75,"ProductName":"Rhönbräu Klosterbier","UnitPrice":"6.2000","Quantity":6,"Discount":0,"ExtendedPrice":"37.2000"},{"__metadata":{"uri":"https://services.odata.org/V2/Northwind/Northwind.svc/Order_Details_Extendeds(Discount=0f,OrderID=10295,ProductID=56,ProductName='Gnocchi%20di%20nonna%20Alice',Quantity=4,UnitPrice=30.4000M)","type":"NorthwindModel.Order_Details_Extended"},"OrderID":10295,"ProductID":56,"ProductName":"Gnocchi di nonna Alice","UnitPrice":"30.4000","Quantity":4,"Discount":0,"ExtendedPrice":"121.6000"},{"__metadata":{"uri":"https://services.odata.org/V2/Northwind/Northwind.svc/Order_Details_Extendeds(Discount=0f,OrderID=10296,ProductID=11,ProductName='Queso%20Cabrales',Quantity=12,UnitPrice=16.8000M)","type":"NorthwindModel.Order_Details_Extended"},"OrderID":10296,"ProductID":11,"ProductName":"Queso Cabrales","UnitPrice":"16.8000","Quantity":12,"Discount":0,"ExtendedPrice":"201.6000"},{"__metadata":{"uri":"https://services.odata.org/V2/Northwind/Northwind.svc/Order_Details_Extendeds(Discount=0f,OrderID=10296,ProductID=16,ProductName='Pavlova',Quantity=30,UnitPrice=13.9000M)","type":"NorthwindModel.Order_Details_Extended"},"OrderID":10296,"ProductID":16,"ProductName":"Pavlova","UnitPrice":"13.9000","Quantity":30,"Discount":0,"ExtendedPrice":"417.0000"},{"__metadata":{"uri":"https://services.odata.org/V2/Northwind/Northwind.svc/Order_Details_Extendeds(Discount=0f,OrderID=10296,ProductID=69,ProductName='Gudbrandsdalsost',Quantity=15,UnitPrice=28.8000M)","type":"NorthwindModel.Order_Details_Extended"},"OrderID":10296,"ProductID":69,"ProductName":"Gudbrandsdalsost","UnitPrice":"28.8000","Quantity":15,"Discount":0,"ExtendedPrice":"432.0000"},{"__metadata":{"uri":"https://services.odata.org/V2/Northwind/Northwind.svc/Order_Details_Extendeds(Discount=0f,OrderID=10297,ProductID=39,ProductName='Chartreuse%20verte',Quantity=60,UnitPrice=14.4000M)","type":"NorthwindModel.Order_Details_Extended"},"OrderID":10297,"ProductID":39,"ProductName":"Chartreuse verte","UnitPrice":"14.4000","Quantity":60,"Discount":0,"ExtendedPrice":"864.0000"},{"__metadata":{"uri":"https://services.odata.org/V2/Northwind/Northwind.svc/Order_Details_Extendeds(Discount=0f,OrderID=10297,ProductID=72,ProductName='Mozzarella%20di%20Giovanni',Quantity=20,UnitPrice=27.8000M)","type":"NorthwindModel.Order_Details_Extended"},"OrderID":10297,"ProductID":72,"ProductName":"Mozzarella di Giovanni","UnitPrice":"27.8000","Quantity":20,"Discount":0,"ExtendedPrice":"556.0000"},{"__metadata":{"uri":"https://services.odata.org/V2/Northwind/Northwind.svc/Order_Details_Extendeds(Discount=0f,OrderID=10298,ProductID=2,ProductName='Chang',Quantity=40,UnitPrice=15.2000M)","type":"NorthwindModel.Order_Details_Extended"},"OrderID":10298,"ProductID":2,"ProductName":"Chang","UnitPrice":"15.2000","Quantity":40,"Discount":0,"ExtendedPrice":"608.0000"},{"__metadata":{"uri":"https://services.odata.org/V2/Northwind/Northwind.svc/Order_Details_Extendeds(Discount=0f,OrderID=10298,ProductID=62,ProductName='Tarte%20au%20sucre',Quantity=15,UnitPrice=39.4000M)","type":"NorthwindModel.Order_Details_Extended"},"OrderID":10298,"ProductID":62,"ProductName":"Tarte au sucre","UnitPrice":"39.4000","Quantity":15,"Discount":0,"ExtendedPrice":"591.0000"},{"__metadata":{"uri":"https://services.odata.org/V2/Northwind/Northwind.svc/Order_Details_Extendeds(Discount=0f,OrderID=10299,ProductID=19,ProductName='Teatime%20Chocolate%20Biscuits',Quantity=15,UnitPrice=7.3000M)","type":"NorthwindModel.Order_Details_Extended"},"OrderID":10299,"ProductID":19,"ProductName":"Teatime Chocolate Biscuits","UnitPrice":"7.3000","Quantity":15,"Discount":0,"ExtendedPrice":"109.5000"},{"__metadata":{"uri":"https://services.odata.org/V2/Northwind/Northwind.svc/Order_Details_Extendeds(Discount=0f,OrderID=10299,ProductID=70,ProductName='Outback%20Lager',Quantity=20,UnitPrice=12.0000M)","type":"NorthwindModel.Order_Details_Extended"},"OrderID":10299,"ProductID":70,"ProductName":"Outback Lager","UnitPrice":"12.0000","Quantity":20,"Discount":0,"ExtendedPrice":"240.0000"},{"__metadata":{"uri":"https://services.odata.org/V2/Northwind/Northwind.svc/Order_Details_Extendeds(Discount=0f,OrderID=10300,ProductID=66,ProductName='Louisiana%20Hot%20Spiced%20Okra',Quantity=30,UnitPrice=13.6000M)","type":"NorthwindModel.Order_Details_Extended"},"OrderID":10300,"ProductID":66,"ProductName":"Louisiana Hot Spiced Okra","UnitPrice":"13.6000","Quantity":30,"Discount":0,"ExtendedPrice":"408.0000"},{"__metadata":{"uri":"https://services.odata.org/V2/Northwind/Northwind.svc/Order_Details_Extendeds(Discount=0f,OrderID=10300,ProductID=68,ProductName='Scottish%20Longbreads',Quantity=20,UnitPrice=10.0000M)","type":"NorthwindModel.Order_Details_Extended"},"OrderID":10300,"ProductID":68,"ProductName":"Scottish Longbreads","UnitPrice":"10.0000","Quantity":20,"Discount":0,"ExtendedPrice":"200.0000"},{"__metadata":{"uri":"https://services.odata.org/V2/Northwind/Northwind.svc/Order_Details_Extendeds(Discount=0f,OrderID=10301,ProductID=40,ProductName='Boston%20Crab%20Meat',Quantity=10,UnitPrice=14.7000M)","type":"NorthwindModel.Order_Details_Extended"},"OrderID":10301,"ProductID":40,"ProductName":"Boston Crab Meat","UnitPrice":"14.7000","Quantity":10,"Discount":0,"ExtendedPrice":"147.0000"},{"__metadata":{"uri":"https://services.odata.org/V2/Northwind/Northwind.svc/Order_Details_Extendeds(Discount=0f,OrderID=10301,ProductID=56,ProductName='Gnocchi%20di%20nonna%20Alice',Quantity=20,UnitPrice=30.4000M)","type":"NorthwindModel.Order_Details_Extended"},"OrderID":10301,"ProductID":56,"ProductName":"Gnocchi di nonna Alice","UnitPrice":"30.4000","Quantity":20,"Discount":0,"ExtendedPrice":"608.0000"},{"__metadata":{"uri":"https://services.odata.org/V2/Northwind/Northwind.svc/Order_Details_Extendeds(Discount=0f,OrderID=10302,ProductID=17,ProductName='Alice%20Mutton',Quantity=40,UnitPrice=31.2000M)","type":"NorthwindModel.Order_Details_Extended"},"OrderID":10302,"ProductID":17,"ProductName":"Alice Mutton","UnitPrice":"31.2000","Quantity":40,"Discount":0,"ExtendedPrice":"1248.0000"},{"__metadata":{"uri":"https://services.odata.org/V2/Northwind/Northwind.svc/Order_Details_Extendeds(Discount=0f,OrderID=10302,ProductID=28,ProductName='R%C3%B6ssle%20Sauerkraut',Quantity=28,UnitPrice=36.4000M)","type":"NorthwindModel.Order_Details_Extended"},"OrderID":10302,"ProductID":28,"ProductName":"Rössle Sauerkraut","UnitPrice":"36.4000","Quantity":28,"Discount":0,"ExtendedPrice":"1019.2000"}]