[{"__metadata":{"uri":"https://services.odata.org/V2/Northwind/Northwind.svc/Products_by_Categories(CategoryName='Beverages',Discontinued=false,ProductName='Chai')","type":"NorthwindModel.Products_by_Category"},"CategoryName":"Beverages","ProductName":"Chai","QuantityPerUnit":"10 boxes x 20 bags","UnitsInStock":39,"Discontinued":false},{"__metadata":{"uri":"https://services.odata.org/V2/Northwind/Northwind.svc/Products_by_Categories(CategoryName='Beverages',Discontinued=false,ProductName='Chang')","type":"NorthwindModel.Products_by_Category"},"CategoryName":"Beverages","ProductName":"Chang","QuantityPerUnit":"24 - 12 oz bottles","UnitsInStock":17,"Discontinued":false},{"__metadata":{"uri":"https://services.odata.org/V2/Northwind/Northwind.svc/Products_by_Categories(CategoryName='Beverages',Discontinued=false,ProductName='Chartreuse%20verte')","type":"NorthwindModel.Products_by_Category"},"CategoryName":"Beverages","ProductName":"Chartreuse verte","QuantityPerUnit":"750 cc per bottle","UnitsInStock":69,"Discontinued":false},{"__metadata":{"uri":"https://services.odata.org/V2/Northwind/Northwind.svc/Products_by_Categories(CategoryName='Beverages',Discontinued=false,ProductName='C%C3%B4te%20de%20Blaye')","type":"NorthwindModel.Products_by_Category"},"CategoryName":"Beverages","ProductName":"Côte de Blaye","QuantityPerUnit":"12 - 75 cl bottles","UnitsInStock":17,"Discontinued":false},{"__metadata":{"uri":"https://services.odata.org/V2/Northwind/Northwind.svc/Products_by_Categories(CategoryName='Beverages',Discontinued=false,ProductName='Ipoh%20Coffee')","type":"NorthwindModel.Products_by_Category"},"CategoryName":"Beverages","ProductName":"Ipoh Coffee","QuantityPerUnit":"16 - 500 g tins","UnitsInStock":17,"Discontinued":false},{"__metadata":{"uri":"https://services.odata.org/V2/Northwind/Northwind.svc/Products_by_Categories(CategoryName='Beverages',Discontinued=false,ProductName='Lakkalik%C3%B6%C3%B6ri')","type":"NorthwindModel.Products_by_Category"},"CategoryName":"Beverages","ProductName":"Lakkalikööri","QuantityPerUnit":"500 ml","UnitsInStock":57,"Discontinued":false},{"__metadata":{"uri":"https://services.odata.org/V2/Northwind/Northwind.svc/Products_by_Categories(CategoryName='Beverages',Discontinued=false,ProductName='Laughing%20Lumberjack%20Lager')","type":"NorthwindModel.Products_by_Category"},"CategoryName":"Beverages","ProductName":"Laughing Lumberjack Lager","QuantityPerUnit":"24 - 12 oz bottles","UnitsInStock":52,"Discontinued":false},{"__metadata":{"uri":"https://services.odata.org/V2/Northwind/Northwind.svc/Products_by_Categories(CategoryName='Beverages',Discontinued=false,ProductName='Outback%20Lager')","type":"NorthwindModel.Products_by_Category"},"CategoryName":"Beverages","ProductName":"Outback Lager","QuantityPerUnit":"24 - 355 ml bottles","UnitsInStock":15,"Discontinued":false},{"__metadata":{"uri":"https://services.odata.org/V2/Northwind/Northwind.svc/Products_by_Categories(CategoryName='Beverages',Discontinued=false,ProductName='Rh%C3%B6nbr%C3%A4u%20Klosterbier')","type":"NorthwindModel.Products_by_Category"},"CategoryName":"Beverages","ProductName":"Rhönbräu Klosterbier","QuantityPerUnit":"24 - 0.5 l bottles","UnitsInStock":125,"Discontinued":false},{"__metadata":{"uri":"https://services.odata.org/V2/Northwind/Northwind.svc/Products_by_Categories(CategoryName='Beverages',Discontinued=false,ProductName='Sasquatch%20Ale')","type":"NorthwindModel.Products_by_Category"},"CategoryName":"Beverages","ProductName":"Sasquatch Ale","QuantityPerUnit":"24 - 12 oz bottles","UnitsInStock":111,"Discontinued":false},{"__metadata":{"uri":"https://services.odata.org/V2/Northwind/Northwind.svc/Products_by_Categories(CategoryName='Beverages',Discontinued=false,ProductName='Steeleye%20Stout')","type":"NorthwindModel.Products_by_Category"},"CategoryName":"Beverages","ProductName":"Steeleye Stout","QuantityPerUnit":"24 - 12 oz bottles","UnitsInStock":20,"Discontinued":false},{"__metadata":{"uri":"https://services.odata.org/V2/Northwind/Northwind.svc/Products_by_Categories(CategoryName='Condiments',Discontinued=false,ProductName='Aniseed%20Syrup')","type":"NorthwindModel.Products_by_Category"},"CategoryName":"Condiments","ProductName":"Aniseed Syrup","QuantityPerUnit":"12 - 550 ml bottles","UnitsInStock":13,"Discontinued":false},{"__metadata":{"uri":"https://services.odata.org/V2/Northwind/Northwind.svc/Products_by_Categories(CategoryName='Condiments',Discontinued=false,ProductName='Chef%20Anton''s%20Cajun%20Seasoning')","type":"NorthwindModel.Products_by_Category"},"CategoryName":"Condiments","ProductName":"Chef Anton's Cajun Seasoning","QuantityPerUnit":"48 - 6 oz jars","UnitsInStock":53,"Discontinued":false},{"__metadata":{"uri":"https://services.odata.org/V2/Northwind/Northwind.svc/Products_by_Categories(CategoryName='Condiments',Discontinued=false,ProductName='Genen%20Shouyu')","type":"NorthwindModel.Products_by_Category"},"CategoryName":"Condiments","ProductName":"Genen Shouyu","QuantityPerUnit":"24 - 250 ml bottles","UnitsInStock":39,"Discontinued":false},{"__metadata":{"uri":"https://services.odata.org/V2/Northwind/Northwind.svc/Products_by_Categories(CategoryName='Condiments',Discontinued=false,ProductName='Grandma''s%20Boysenberry%20Spread')","type":"NorthwindModel.Products_by_Category"},"CategoryName":"Condiments","ProductName":"Grandma's Boysenberry Spread","QuantityPerUnit":"12 - 8 oz jars","UnitsInStock":120,"Discontinued":false},{"__metadata":{"uri":"https://services.odata.org/V2/Northwind/Northwind.svc/Products_by_Categories(CategoryName='Condiments',Discontinued=false,ProductName='Gula%20Malacca')","type":"NorthwindModel.Products_by_Category"},"CategoryName":"Condiments","ProductName":"Gula Malacca","QuantityPerUnit":"20 - 2 kg bags","UnitsInStock":27,"Discontinued":false},{"__metadata":{"uri":"https://services.odata.org/V2/Northwind/Northwind.svc/Products_by_Categories(CategoryName='Condiments',Discontinued=false,ProductName='Louisiana%20Fiery%20Hot%20Pepper%20Sauce')","type":"NorthwindModel.Products_by_Category"},"CategoryName":"Condiments","ProductName":"Louisiana Fiery Hot Pepper Sauce","QuantityPerUnit":"32 - 8 oz bottles","UnitsInStock":76,"Discontinued":false},{"__metadata":{"uri":"https://services.odata.org/V2/Northwind/Northwind.svc/Products_by_Categories(CategoryName='Condiments',Discontinued=false,ProductName='Louisiana%20Hot%20Spiced%20Okra')","type":"NorthwindModel.Products_by_Category"},"CategoryName":"Condiments","ProductName":"Louisiana Hot Spiced Okra","QuantityPerUnit":"24 - 8 oz jars","UnitsInStock":4,"Discontinued":false},{"__metadata":{"uri":"https://services.odata.org/V2/Northwind/Northwind.svc/Products_by_Categories(CategoryName='Condiments',Discontinued=false,ProductName='Northwoods%20Cranberry%20Sauce')","type":"NorthwindModel.Products_by_Category"},"CategoryName":"Condiments","ProductName":"Northwoods Cranberry Sauce","QuantityPerUnit":"12 - 12 oz jars","UnitsInStock":6,"Discontinued":false},{"__metadata":{"uri":"https://services.odata.org/V2/Northwind/Northwind.svc/Products_by_Categories(CategoryName='Condiments',Discontinued=false,ProductName='Original%20Frankfurter%20gr%C3%BCne%20So%C3%9Fe')","type":"NorthwindModel.Products_by_Category"},"CategoryName":"Condiments","ProductName":"Original Frankfurter grüne Soße","QuantityPerUnit":"12 boxes","UnitsInStock":32,"Discontinued":false},{"__metadata":{"uri":"https://services.odata.org/V2/Northwind/Northwind.svc/Products_by_Categories(CategoryName='Condiments',Discontinued=false,ProductName='Sirop%20d''%C3%A9rable')","type":"NorthwindModel.Products_by_Category"},"CategoryName":"Condiments","ProductName":"Sirop d'érable","QuantityPerUnit":"24 - 500 ml bottles","UnitsInStock":113,"Discontinued":false},{"__metadata":{"uri":"https://services.odata.org/V2/Northwind/Northwind.svc/Products_by_Categories(CategoryName='Condiments',Discontinued=false,ProductName='Vegie-spread')","type":"NorthwindModel.Products_by_Category"},"CategoryName":"Condiments","ProductName":"Vegie-spread","QuantityPerUnit":"15 - 625 g jars","UnitsInStock":24,"Discontinued":false},{"__metadata":{"uri":"https://services.odata.org/V2/Northwind/Northwind.svc/Products_by_Categories(CategoryName='Confections',Discontinued=false,ProductName='Chocolade')","type":"NorthwindModel.Products_by_Category"},"CategoryName":"Confections","ProductName":"Chocolade","QuantityPerUnit":"10 pkgs.","UnitsInStock":15,"Discontinued":false},{"__metadata":{"uri":"https://services.odata.org/V2/Northwind/Northwind.svc/Products_by_Categories(CategoryName='Confections',Discontinued=false,ProductName='Gumb%C3%A4r%20Gummib%C3%A4rchen')","type":"NorthwindModel.Products_by_Category"},"CategoryName":"Confections","ProductName":"Gumbär Gummibärchen","QuantityPerUnit":"100 - 250 g bags","UnitsInStock":15,"Discontinued":false},{"__metadata":{"uri":"https://services.odata.org/V2/Northwind/Northwind.svc/Products_by_Categories(CategoryName='Confections',Discontinued=false,ProductName='Maxilaku')","type":"NorthwindModel.Products_by_Category"},"CategoryName":"Confections","ProductName":"Maxilaku","QuantityPerUnit":"24 - 50 g pkgs.","UnitsInStock":10,"Discontinued":false},{"__metadata":{"uri":"https://services.odata.org/V2/Northwind/Northwind.svc/Products_by_Categories(CategoryName='Confections',Discontinued=false,ProductName='NuNuCa%20Nu%C3%9F-Nougat-Creme')","type":"NorthwindModel.Products_by_Category"},"CategoryName":"Confections","ProductName":"NuNuCa Nuß-Nougat-Creme","QuantityPerUnit":"20 - 450 g glasses","UnitsInStock":76,"Discontinued":false},{"__metadata":{"uri":"https://services.odata.org/V2/Northwind/Northwind.svc/Products_by_Categories(CategoryName='Confections',Discontinued=false,ProductName='Pavlova')","type":"NorthwindModel.Products_by_Category"},"CategoryName":"Confections","ProductName":"Pavlova","QuantityPerUnit":"32 - 500 g boxes","UnitsInStock":29,"Discontinued":false},{"__metadata":{"uri":"https://services.odata.org/V2/Northwind/Northwind.svc/Products_by_Categories(CategoryName='Confections',Discontinued=false,ProductName='Schoggi%20Schokolade')","type":"NorthwindModel.Products_by_Category"},"CategoryName":"Confections","ProductName":"Schoggi Schokolade","QuantityPerUnit":"100 - 100 g pieces","UnitsInStock":49,"Discontinued":false},{"__metadata":{"uri":"https://services.odata.org/V2/Northwind/Northwind.svc/Products_by_Categories(CategoryName='Confections',Discontinued=false,ProductName='Scottish%20Longbreads')","type":"NorthwindModel.Products_by_Category"},"CategoryName":"Confections","ProductName":"Scottish Longbreads","QuantityPerUnit":"10 boxes x 8 pieces","UnitsInStock":6,"Discontinued":false},{"__metadata":{"uri":"https://services.odata.org/V2/Northwind/Northwind.svc/Products_by_Categories(CategoryName='Confections',Discontinued=false,ProductName='Sir%20Rodney''s%20Marmalade')","type":"NorthwindModel.Products_by_Category"},"CategoryName":"Confections","ProductName":"Sir Rodney's Marmalade","QuantityPerUnit":"30 gift boxes","UnitsInStock":40,"Discontinued":false},{"__metadata":{"uri":"https://services.odata.org/V2/Northwind/Northwind.svc/Products_by_Categories(CategoryName='Confections',Discontinued=false,ProductName='Sir%20Rodney''s%20Scones')","type":"NorthwindModel.Products_by_Category"},"CategoryName":"Confections","ProductName":"Sir Rodney's Scones","QuantityPerUnit":"24 pkgs. x 4 pieces","UnitsInStock":3,"Discontinued":false},{"__metadata":{"uri":"https://services.odata.org/V2/Northwind/Northwind.svc/Products_by_Categories(CategoryName='Confections',Discontinued=false,ProductName='Tarte%20au%20sucre')","type":"NorthwindModel.Products_by_Category"},"CategoryName":"Confections","ProductName":"Tarte au sucre","QuantityPerUnit":"48 pies","UnitsInStock":17,"Discontinued":false},{"__metadata":{"uri":"https://services.odata.org/V2/Northwind/Northwind.svc/Products_by_Categories(CategoryName='Confections',Discontinued=false,ProductName='Teatime%20Chocolate%20Biscuits')","type":"NorthwindModel.Products_by_Category"},"CategoryName":"Confections","ProductName":"Teatime Chocolate Biscuits","QuantityPerUnit":"10 boxes x 12 pieces","UnitsInStock":25,"Discontinued":false},{"__metadata":{"uri":"https://services.odata.org/V2/Northwind/Northwind.svc/Products_by_Categories(CategoryName='Confections',Discontinued=false,ProductName='Valkoinen%20suklaa')","type":"NorthwindModel.Products_by_Category"},"CategoryName":"Confections","ProductName":"Valkoinen suklaa","QuantityPerUnit":"12 - 100 g bars","UnitsInStock":65,"Discontinued":false},{"__metadata":{"uri":"https://services.odata.org/V2/Northwind/Northwind.svc/Products_by_Categories(CategoryName='Confections',Discontinued=false,ProductName='Zaanse%20koeken')","type":"NorthwindModel.Products_by_Category"},"CategoryName":"Confections","ProductName":"Zaanse koeken","QuantityPerUnit":"10 - 4 oz boxes","UnitsInStock":36,"Discontinued":false},{"__metadata":{"uri":"https://services.odata.org/V2/Northwind/Northwind.svc/Products_by_Categories(CategoryName='Dairy%20Products',Discontinued=false,ProductName='Camembert%20Pierrot')","type":"NorthwindModel.Products_by_Category"},"CategoryName":"Dairy Products","ProductName":"Camembert Pierrot","QuantityPerUnit":"15 - 300 g rounds","UnitsInStock":19,"Discontinued":false},{"__metadata":{"uri":"https://services.odata.org/V2/Northwind/Northwind.svc/Products_by_Categories(CategoryName='Dairy%20Products',Discontinued=false,ProductName='Flotemysost')","type":"NorthwindModel.Products_by_Category"},"CategoryName":"Dairy Products","ProductName":"Flotemysost","QuantityPerUnit":"10 - 500 g pkgs.","UnitsInStock":26,"Discontinued":false},{"__metadata":{"uri":"https://services.odata.org/V2/Northwind/Northwind.svc/Products_by_Categories(CategoryName='Dairy%20Products',Discontinued=false,ProductName='Geitost')","type":"NorthwindModel.Products_by_Category"},"CategoryName":"Dairy Products","ProductName":"Geitost","QuantityPerUnit":"500 g","UnitsInStock":112,"Discontinued":false},{"__metadata":{"uri":"https://services.odata.org/V2/Northwind/Northwind.svc/Products_by_Categories(CategoryName='Dairy%20Products',Discontinued=false,ProductName='Gorgonzola%20Telino')","type":"NorthwindModel.Products_by_Category"},"CategoryName":"Dairy Products","ProductName":"Gorgonzola Telino","QuantityPerUnit":"12 - 100 g pkgs","UnitsInStock":0,"Discontinued":false},{"__metadata":{"uri":"https://services.odata.org/V2/Northwind/Northwind.svc/Products_by_Categories(CategoryName='Dairy%20Products',Discontinued=false,ProductName='Gudbrandsdalsost')","type":"NorthwindModel.Products_by_Category"},"CategoryName":"Dairy Products","ProductName":"Gudbrandsdalsost","QuantityPerUnit":"10 kg pkg.","UnitsInStock":26,"Discontinued":false},{"__metadata":{"uri":"https://services.odata.org/V2/Northwind/Northwind.svc/Products_by_Categories(CategoryName='Dairy%20Products',Discontinued=false,ProductName='Mascarpone%20Fabioli')","type":"NorthwindModel.Products_by_Category"},"CategoryName":"Dairy Products","ProductName":"Mascarpone Fabioli","QuantityPerUnit":"24 - 200 g pkgs.","UnitsInStock":9,"Discontinued":false},{"__metadata":{"uri":"https://services.odata.org/V2/Northwind/Northwind.svc/Products_by_Categories(CategoryName='Dairy%20Products',Discontinued=false,ProductName='Mozzarella%20di%20Giovanni')","type":"NorthwindModel.Products_by_Category"},"CategoryName":"Dairy Products","ProductName":"Mozzarella di Giovanni","QuantityPerUnit":"24 - 200 g pkgs.","UnitsInStock":14,"Discontinued":false},{"__metadata":{"uri":"https://services.odata.org/V2/Northwind/Northwind.svc/Products_by_Categories(CategoryName='Dairy%20Products',Discontinued=false,ProductName='Queso%20Cabrales')","type":"NorthwindModel.Products_by_Category"},"CategoryName":"Dairy Products","ProductName":"Queso Cabrales","QuantityPerUnit":"1 kg pkg.","UnitsInStock":22,"Discontinued":false},{"__metadata":{"uri":"https://services.odata.org/V2/Northwind/Northwind.svc/Products_by_Categories(CategoryName='Dairy%20Products',Discontinued=false,ProductName='Queso%20Manchego%20La%20Pastora')","type":"NorthwindModel.Products_by_Category"},"CategoryName":"Dairy Products","ProductName":"Queso Manchego La Pastora","QuantityPerUnit":"10 - 500 g pkgs.","UnitsInStock":86,"Discontinued":false},{"__metadata":{"uri":"https://services.odata.org/V2/Northwind/Northwind.svc/Products_by_Categories(CategoryName='Dairy%20Products',Discontinued=false,ProductName='Raclette%20Courdavault')","type":"NorthwindModel.Products_by_Category"},"CategoryName":"Dairy Products","ProductName":"Raclette Courdavault","QuantityPerUnit":"5 kg pkg.","UnitsInStock":79,"Discontinued":false},{"__metadata":{"uri":"https://services.odata.org/V2/Northwind/Northwind.svc/Products_by_Categories(CategoryName='Grains/Cereals',Discontinued=false,ProductName='Filo%20Mix')","type":"NorthwindModel.Products_by_Category"},"CategoryName":"Grains/Cereals","ProductName":"Filo Mix","QuantityPerUnit":"16 - 2 kg boxes","UnitsInStock":38,"Discontinued":false},{"__metadata":{"uri":"https://services.odata.org/V2/Northwind/Northwind.svc/Products_by_Categories(CategoryName='Grains/Cereals',Discontinued=false,ProductName='Gnocchi%20di%20nonna%20Alice')","type":"NorthwindModel.Products_by_Category"},"CategoryName":"Grains/Cereals","ProductName":"Gnocchi di nonna Alice","QuantityPerUnit":"24 - 250 g pkgs.","UnitsInStock":21,"Discontinued":false},{"__metadata":{"uri":"https://services.odata.org/V2/Northwind/Northwind.svc/Products_by_Categories(CategoryName='Grains/Cereals',Discontinued=false,ProductName='Gustaf''s%20Kn%C3%A4ckebr%C3%B6d')","type":"NorthwindModel.Products_by_Category"},"CategoryName":"Grains/Cereals","ProductName":"Gustaf's Knäckebröd","QuantityPerUnit":"24 - 500 g pkgs.","UnitsInStock":104,"Discontinued":false},{"__metadata":{"uri":"https://services.odata.org/V2/Northwind/Northwind.svc/Products_by_Categories(CategoryName='Grains/Cereals',Discontinued=false,ProductName='Ravioli%20Angelo')","type":"NorthwindModel.Products_by_Category"},"CategoryName":"Grains/Cereals","ProductName":"Ravioli Angelo","QuantityPerUnit":"24 - 250 g pkgs.","UnitsInStock":36,"Discontinued":false},{"__metadata":{"uri":"https://services.odata.org/V2/Northwind/Northwind.svc/Products_by_Categories(CategoryName='Grains/Cereals',Discontinued=false,ProductName='Tunnbr%C3%B6d')","type":"NorthwindModel.Products_by_Category"},"CategoryName":"Grains/Cereals","ProductName":"Tunnbröd","QuantityPerUnit":"12 - 250 g pkgs.","UnitsInStock":61,"Discontinued":false},{"__metadata":{"uri":"https://services.odata.org/V2/Northwind/Northwind.svc/Products_by_Categories(CategoryName='Grains/Cereals',Discontinued=false,ProductName='Wimmers%20gute%20Semmelkn%C3%B6del')","type":"NorthwindModel.Products_by_Category"},"CategoryName":"Grains/Cereals","ProductName":"Wimmers gute Semmelknödel","QuantityPerUnit":"20 bags x 4 pieces","UnitsInStock":22,"Discontinued":false},{"__metadata":{"uri":"https://services.odata.org/V2/Northwind/Northwind.svc/Products_by_Categories(CategoryName='Meat/Poultry',Discontinued=false,ProductName='P%C3%A2t%C3%A9%20chinois')","type":"NorthwindModel.Products_by_Category"},"CategoryName":"Meat/Poultry","ProductName":"Pâté chinois","QuantityPerUnit":"24 boxes x 2 pies","UnitsInStock":115,"Discontinued":false},{"__metadata":{"uri":"https://services.odata.org/V2/Northwind/Northwind.svc/Products_by_Categories(CategoryName='Meat/Poultry',Discontinued=false,ProductName='Tourti%C3%A8re')","type":"NorthwindModel.Products_by_Category"},"CategoryName":"Meat/Poultry","ProductName":"Tourtière","QuantityPerUnit":"16 pies","UnitsInStock":21,"Discontinued":false},{"__metadata":{"uri":"https://services.odata.org/V2/Northwind/Northwind.svc/Products_by_Categories(CategoryName='Produce',Discontinued=false,ProductName='Longlife%20Tofu')","type":"NorthwindModel.Products_by_Category"},"CategoryName":"Produce","ProductName":"Longlife Tofu","QuantityPerUnit":"5 kg pkg.","UnitsInStock":4,"Discontinued":false},{"__metadata":{"uri":"https://services.odata.org/V2/Northwind/Northwind.svc/Products_by_Categories(CategoryName='Produce',Discontinued=false,ProductName='Manjimup%20Dried%20Apples')","type":"NorthwindModel.Products_by_Category"},"CategoryName":"Produce","ProductName":"Manjimup Dried Apples","QuantityPerUnit":"50 - 300 g pkgs.","UnitsInStock":20,"Discontinued":false},{"__metadata":{"uri":"https://services.odata.org/V2/Northwind/Northwind.svc/Products_by_Categories(CategoryName='Produce',Discontinued=false,ProductName='Tofu')","type":"NorthwindModel.Products_by_Category"},"CategoryName":"Produce","ProductName":"Tofu","QuantityPerUnit":"40 - 100 g pkgs.","UnitsInStock":35,"Discontinued":false},{"__metadata":{"uri":"https://services.odata.org/V2/Northwind/Northwind.svc/Products_by_Categories(CategoryName='Produce',Discontinued=false,ProductName='Uncle%20Bob''s%20Organic%20Dried%20Pears')","type":"NorthwindModel.Products_by_Category"},"CategoryName":"Produce","ProductName":"Uncle Bob's Organic Dried Pears","QuantityPerUnit":"12 - 1 lb pkgs.","UnitsInStock":15,"Discontinued":false},{"__metadata":{"uri":"https://services.odata.org/V2/Northwind/Northwind.svc/Products_by_Categories(CategoryName='Seafood',Discontinued=false,ProductName='Boston%20Crab%20Meat')","type":"NorthwindModel.Products_by_Category"},"CategoryName":"Seafood","ProductName":"Boston Crab Meat","QuantityPerUnit":"24 - 4 oz tins","UnitsInStock":123,"Discontinued":false},{"__metadata":{"uri":"https://services.odata.org/V2/Northwind/Northwind.svc/Products_by_Categories(CategoryName='Seafood',Discontinued=false,ProductName='Carnarvon%20Tigers')","type":"NorthwindModel.Products_by_Category"},"CategoryName":"Seafood","ProductName":"Carnarvon Tigers","QuantityPerUnit":"16 kg pkg.","UnitsInStock":42,"Discontinued":false},{"__metadata":{"uri":"https://services.odata.org/V2/Northwind/Northwind.svc/Products_by_Categories(CategoryName='Seafood',Discontinued=false,ProductName='Escargots%20de%20Bourgogne')","type":"NorthwindModel.Products_by_Category"},"CategoryName":"Seafood","ProductName":"Escargots de Bourgogne","QuantityPerUnit":"24 pieces","UnitsInStock":62,"Discontinued":false},{"__metadata":{"uri":"https://services.odata.org/V2/Northwind/Northwind.svc/Products_by_Categories(CategoryName='Seafood',Discontinued=false,ProductName='Gravad%20lax')","type":"NorthwindModel.Products_by_Category"},"CategoryName":"Seafood","ProductName":"Gravad lax","QuantityPerUnit":"12 - 500 g pkgs.","UnitsInStock":11,"Discontinued":false},{"__metadata":{"uri":"https://services.odata.org/V2/Northwind/Northwind.svc/Products_by_Categories(CategoryName='Seafood',Discontinued=false,ProductName='Ikura')","type":"NorthwindModel.Products_by_Category"},"CategoryName":"Seafood","ProductName":"Ikura","QuantityPerUnit":"12 - 200 ml jars","UnitsInStock":31,"Discontinued":false},{"__metadata":{"uri":"https://services.odata.org/V2/Northwind/Northwind.svc/Products_by_Categories(CategoryName='Seafood',Discontinued=false,ProductName='Inlagd%20Sill')","type":"NorthwindModel.Products_by_Category"},"CategoryName":"Seafood","ProductName":"Inlagd Sill","QuantityPerUnit":"24 - 250 g  jars","UnitsInStock":112,"Discontinued":false},{"__metadata":{"uri":"https://services.odata.org/V2/Northwind/Northwind.svc/Products_by_Categories(CategoryName='Seafood',Discontinued=false,ProductName='Jack''s%20New%20England%20Clam%20Chowder')","type":"NorthwindModel.Products_by_Category"},"CategoryName":"Seafood","ProductName":"Jack's New England Clam Chowder","QuantityPerUnit":"12 - 12 oz cans","UnitsInStock":85,"Discontinued":false},{"__metadata":{"uri":"https://services.odata.org/V2/Northwind/Northwind.svc/Products_by_Categories(CategoryName='Seafood',Discontinued=false,ProductName='Konbu')","type":"NorthwindModel.Products_by_Category"},"CategoryName":"Seafood","ProductName":"Konbu","QuantityPerUnit":"2 kg box","UnitsInStock":24,"Discontinued":false},{"__metadata":{"uri":"https://services.odata.org/V2/Northwind/Northwind.svc/Products_by_Categories(CategoryName='Seafood',Discontinued=false,ProductName='Nord-Ost%20Matjeshering')","type":"NorthwindModel.Products_by_Category"},"CategoryName":"Seafood","ProductName":"Nord-Ost Matjeshering","QuantityPerUnit":"10 - 200 g glasses","UnitsInStock":10,"Discontinued":false},{"__metadata":{"uri":"https://services.odata.org/V2/Northwind/Northwind.svc/Products_by_Categories(CategoryName='Seafood',Discontinued=false,ProductName='R%C3%B6d%20Kaviar')","type":"NorthwindModel.Products_by_Category"},"CategoryName":"Seafood","ProductName":"Röd Kaviar","QuantityPerUnit":"24 - 150 g jars","UnitsInStock":101,"Discontinued":false},{"__metadata":{"uri":"https://services.odata.org/V2/Northwind/Northwind.svc/Products_by_Categories(CategoryName='Seafood',Discontinued=false,ProductName='Rogede%20sild')","type":"NorthwindModel.Products_by_Category"},"CategoryName":"Seafood","ProductName":"Rogede sild","QuantityPerUnit":"1k pkg.","UnitsInStock":5,"Discontinued":false},{"__metadata":{"uri":"https://services.odata.org/V2/Northwind/Northwind.svc/Products_by_Categories(CategoryName='Seafood',Discontinued=false,ProductName='Spegesild')","type":"NorthwindModel.Products_by_Category"},"CategoryName":"Seafood","ProductName":"Spegesild","QuantityPerUnit":"4 - 450 g glasses","UnitsInStock":95,"Discontinued":false}]