[{"__metadata":{"uri":"https://services.odata.org/V2/Northwind/Northwind.svc/Territories('01581')","type":"NorthwindModel.Territory"},"TerritoryID":"01581","TerritoryDescription":"Westboro                                          ","RegionID":1,"Region":{"__deferred":{"uri":"https://services.odata.org/V2/Northwind/Northwind.svc/Territories('01581')/Region"}},"Employees":{"__deferred":{"uri":"https://services.odata.org/V2/Northwind/Northwind.svc/Territories('01581')/Employees"}}},{"__metadata":{"uri":"https://services.odata.org/V2/Northwind/Northwind.svc/Territories('01730')","type":"NorthwindModel.Territory"},"TerritoryID":"01730","TerritoryDescription":"Bedford                                           ","RegionID":1,"Region":{"__deferred":{"uri":"https://services.odata.org/V2/Northwind/Northwind.svc/Territories('01730')/Region"}},"Employees":{"__deferred":{"uri":"https://services.odata.org/V2/Northwind/Northwind.svc/Territories('01730')/Employees"}}},{"__metadata":{"uri":"https://services.odata.org/V2/Northwind/Northwind.svc/Territories('01833')","type":"NorthwindModel.Territory"},"TerritoryID":"01833","TerritoryDescription":"Georgetow                                         ","RegionID":1,"Region":{"__deferred":{"uri":"https://services.odata.org/V2/Northwind/Northwind.svc/Territories('01833')/Region"}},"Employees":{"__deferred":{"uri":"https://services.odata.org/V2/Northwind/Northwind.svc/Territories('01833')/Employees"}}},{"__metadata":{"uri":"https://services.odata.org/V2/Northwind/Northwind.svc/Territories('02116')","type":"NorthwindModel.Territory"},"TerritoryID":"02116","TerritoryDescription":"Boston                                            ","RegionID":1,"Region":{"__deferred":{"uri":"https://services.odata.org/V2/Northwind/Northwind.svc/Territories('02116')/Region"}},"Employees":{"__deferred":{"uri":"https://services.odata.org/V2/Northwind/Northwind.svc/Territories('02116')/Employees"}}},{"__metadata":{"uri":"https://services.odata.org/V2/Northwind/Northwind.svc/Territories('02139')","type":"NorthwindModel.Territory"},"TerritoryID":"02139","TerritoryDescription":"Cambridge                                         ","RegionID":1,"Region":{"__deferred":{"uri":"https://services.odata.org/V2/Northwind/Northwind.svc/Territories('02139')/Region"}},"Employees":{"__deferred":{"uri":"https://services.odata.org/V2/Northwind/Northwind.svc/Territories('02139')/Employees"}}},{"__metadata":{"uri":"https://services.odata.org/V2/Northwind/Northwind.svc/Territories('02184')","type":"NorthwindModel.Territory"},"TerritoryID":"02184","TerritoryDescription":"Braintree                                         ","RegionID":1,"Region":{"__deferred":{"uri":"https://services.odata.org/V2/Northwind/Northwind.svc/Territories('02184')/Region"}},"Employees":{"__deferred":{"uri":"https://services.odata.org/V2/Northwind/Northwind.svc/Territories('02184')/Employees"}}},{"__metadata":{"uri":"https://services.odata.org/V2/Northwind/Northwind.svc/Territories('02903')","type":"NorthwindModel.Territory"},"TerritoryID":"02903","TerritoryDescription":"Providence                                        ","RegionID":1,"Region":{"__deferred":{"uri":"https://services.odata.org/V2/Northwind/Northwind.svc/Territories('02903')/Region"}},"Employees":{"__deferred":{"uri":"https://services.odata.org/V2/Northwind/Northwind.svc/Territories('02903')/Employees"}}},{"__metadata":{"uri":"https://services.odata.org/V2/Northwind/Northwind.svc/Territories('03049')","type":"NorthwindModel.Territory"},"TerritoryID":"03049","TerritoryDescription":"Hollis                                            ","RegionID":3,"Region":{"__deferred":{"uri":"https://services.odata.org/V2/Northwind/Northwind.svc/Territories('03049')/Region"}},"Employees":{"__deferred":{"uri":"https://services.odata.org/V2/Northwind/Northwind.svc/Territories('03049')/Employees"}}},{"__metadata":{"uri":"https://services.odata.org/V2/Northwind/Northwind.svc/Territories('03801')","type":"NorthwindModel.Territory"},"TerritoryID":"03801","TerritoryDescription":"Portsmouth                                        ","RegionID":3,"Region":{"__deferred":{"uri":"https://services.odata.org/V2/Northwind/Northwind.svc/Territories('03801')/Region"}},"Employees":{"__deferred":{"uri":"https://services.odata.org/V2/Northwind/Northwind.svc/Territories('03801')/Employees"}}},{"__metadata":{"uri":"https://services.odata.org/V2/Northwind/Northwind.svc/Territories('06897')","type":"NorthwindModel.Territory"},"TerritoryID":"06897","TerritoryDescription":"Wilton                                            ","RegionID":1,"Region":{"__deferred":{"uri":"https://services.odata.org/V2/Northwind/Northwind.svc/Territories('06897')/Region"}},"Employees":{"__deferred":{"uri":"https://services.odata.org/V2/Northwind/Northwind.svc/Territories('06897')/Employees"}}},{"__metadata":{"uri":"https://services.odata.org/V2/Northwind/Northwind.svc/Territories('07960')","type":"NorthwindModel.Territory"},"TerritoryID":"07960","TerritoryDescription":"Morristown                                        ","RegionID":1,"Region":{"__deferred":{"uri":"https://services.odata.org/V2/Northwind/Northwind.svc/Territories('07960')/Region"}},"Employees":{"__deferred":{"uri":"https://services.odata.org/V2/Northwind/Northwind.svc/Territories('07960')/Employees"}}},{"__metadata":{"uri":"https://services.odata.org/V2/Northwind/Northwind.svc/Territories('08837')","type":"NorthwindModel.Territory"},"TerritoryID":"08837","TerritoryDescription":"Edison                                            ","RegionID":1,"Region":{"__deferred":{"uri":"https://services.odata.org/V2/Northwind/Northwind.svc/Territories('08837')/Region"}},"Employees":{"__deferred":{"uri":"https://services.odata.org/V2/Northwind/Northwind.svc/Territories('08837')/Employees"}}},{"__metadata":{"uri":"https://services.odata.org/V2/Northwind/Northwind.svc/Territories('10019')","type":"NorthwindModel.Territory"},"TerritoryID":"10019","TerritoryDescription":"New York                                          ","RegionID":1,"Region":{"__deferred":{"uri":"https://services.odata.org/V2/Northwind/Northwind.svc/Territories('10019')/Region"}},"Employees":{"__deferred":{"uri":"https://services.odata.org/V2/Northwind/Northwind.svc/Territories('10019')/Employees"}}},{"__metadata":{"uri":"https://services.odata.org/V2/Northwind/Northwind.svc/Territories('10038')","type":"NorthwindModel.Territory"},"TerritoryID":"10038","TerritoryDescription":"New York                                          ","RegionID":1,"Region":{"__deferred":{"uri":"https://services.odata.org/V2/Northwind/Northwind.svc/Territories('10038')/Region"}},"Employees":{"__deferred":{"uri":"https://services.odata.org/V2/Northwind/Northwind.svc/Territories('10038')/Employees"}}},{"__metadata":{"uri":"https://services.odata.org/V2/Northwind/Northwind.svc/Territories('11747')","type":"NorthwindModel.Territory"},"TerritoryID":"11747","TerritoryDescription":"Mellvile                                          ","RegionID":1,"Region":{"__deferred":{"uri":"https://services.odata.org/V2/Northwind/Northwind.svc/Territories('11747')/Region"}},"Employees":{"__deferred":{"uri":"https://services.odata.org/V2/Northwind/Northwind.svc/Territories('11747')/Employees"}}},{"__metadata":{"uri":"https://services.odata.org/V2/Northwind/Northwind.svc/Territories('14450')","type":"NorthwindModel.Territory"},"TerritoryID":"14450","TerritoryDescription":"Fairport                                          ","RegionID":1,"Region":{"__deferred":{"uri":"https://services.odata.org/V2/Northwind/Northwind.svc/Territories('14450')/Region"}},"Employees":{"__deferred":{"uri":"https://services.odata.org/V2/Northwind/Northwind.svc/Territories('14450')/Employees"}}},{"__metadata":{"uri":"https://services.odata.org/V2/Northwind/Northwind.svc/Territories('19428')","type":"NorthwindModel.Territory"},"TerritoryID":"19428","TerritoryDescription":"Philadelphia                                      ","RegionID":3,"Region":{"__deferred":{"uri":"https://services.odata.org/V2/Northwind/Northwind.svc/Territories('19428')/Region"}},"Employees":{"__deferred":{"uri":"https://services.odata.org/V2/Northwind/Northwind.svc/Territories('19428')/Employees"}}},{"__metadata":{"uri":"https://services.odata.org/V2/Northwind/Northwind.svc/Territories('19713')","type":"NorthwindModel.Territory"},"TerritoryID":"19713","TerritoryDescription":"Neward                                            ","RegionID":1,"Region":{"__deferred":{"uri":"https://services.odata.org/V2/Northwind/Northwind.svc/Territories('19713')/Region"}},"Employees":{"__deferred":{"uri":"https://services.odata.org/V2/Northwind/Northwind.svc/Territories('19713')/Employees"}}},{"__metadata":{"uri":"https://services.odata.org/V2/Northwind/Northwind.svc/Territories('20852')","type":"NorthwindModel.Territory"},"TerritoryID":"20852","TerritoryDescription":"Rockville                                         ","RegionID":1,"Region":{"__deferred":{"uri":"https://services.odata.org/V2/Northwind/Northwind.svc/Territories('20852')/Region"}},"Employees":{"__deferred":{"uri":"https://services.odata.org/V2/Northwind/Northwind.svc/Territories('20852')/Employees"}}},{"__metadata":{"uri":"https://services.odata.org/V2/Northwind/Northwind.svc/Territories('27403')","type":"NorthwindModel.Territory"},"TerritoryID":"27403","TerritoryDescription":"Greensboro                                        ","RegionID":1,"Region":{"__deferred":{"uri":"https://services.odata.org/V2/Northwind/Northwind.svc/Territories('27403')/Region"}},"Employees":{"__deferred":{"uri":"https://services.odata.org/V2/Northwind/Northwind.svc/Territories('27403')/Employees"}}},{"__metadata":{"uri":"https://services.odata.org/V2/Northwind/Northwind.svc/Territories('27511')","type":"NorthwindModel.Territory"},"TerritoryID":"27511","TerritoryDescription":"Cary                                              ","RegionID":1,"Region":{"__deferred":{"uri":"https://services.odata.org/V2/Northwind/Northwind.svc/Territories('27511')/Region"}},"Employees":{"__deferred":{"uri":"https://services.odata.org/V2/Northwind/Northwind.svc/Territories('27511')/Employees"}}},{"__metadata":{"uri":"https://services.odata.org/V2/Northwind/Northwind.svc/Territories('29202')","type":"NorthwindModel.Territory"},"TerritoryID":"29202","TerritoryDescription":"Columbia                                          ","RegionID":4,"Region":{"__deferred":{"uri":"https://services.odata.org/V2/Northwind/Northwind.svc/Territories('29202')/Region"}},"Employees":{"__deferred":{"uri":"https://services.odata.org/V2/Northwind/Northwind.svc/Territories('29202')/Employees"}}},{"__metadata":{"uri":"https://services.odata.org/V2/Northwind/Northwind.svc/Territories('30346')","type":"NorthwindModel.Territory"},"TerritoryID":"30346","TerritoryDescription":"Atlanta                                           ","RegionID":4,"Region":{"__deferred":{"uri":"https://services.odata.org/V2/Northwind/Northwind.svc/Territories('30346')/Region"}},"Employees":{"__deferred":{"uri":"https://services.odata.org/V2/Northwind/Northwind.svc/Territories('30346')/Employees"}}},{"__metadata":{"uri":"https://services.odata.org/V2/Northwind/Northwind.svc/Territories('31406')","type":"NorthwindModel.Territory"},"TerritoryID":"31406","TerritoryDescription":"Savannah                                          ","RegionID":4,"Region":{"__deferred":{"uri":"https://services.odata.org/V2/Northwind/Northwind.svc/Territories('31406')/Region"}},"Employees":{"__deferred":{"uri":"https://services.odata.org/V2/Northwind/Northwind.svc/Territories('31406')/Employees"}}},{"__metadata":{"uri":"https://services.odata.org/V2/Northwind/Northwind.svc/Territories('32859')","type":"NorthwindModel.Territory"},"TerritoryID":"32859","TerritoryDescription":"Orlando                                           ","RegionID":4,"Region":{"__deferred":{"uri":"https://services.odata.org/V2/Northwind/Northwind.svc/Territories('32859')/Region"}},"Employees":{"__deferred":{"uri":"https://services.odata.org/V2/Northwind/Northwind.svc/Territories('32859')/Employees"}}},{"__metadata":{"uri":"https://services.odata.org/V2/Northwind/Northwind.svc/Territories('33607')","type":"NorthwindModel.Territory"},"TerritoryID":"33607","TerritoryDescription":"Tampa                                             ","RegionID":4,"Region":{"__deferred":{"uri":"https://services.odata.org/V2/Northwind/Northwind.svc/Territories('33607')/Region"}},"Employees":{"__deferred":{"uri":"https://services.odata.org/V2/Northwind/Northwind.svc/Territories('33607')/Employees"}}},{"__metadata":{"uri":"https://services.odata.org/V2/Northwind/Northwind.svc/Territories('40222')","type":"NorthwindModel.Territory"},"TerritoryID":"40222","TerritoryDescription":"Louisville                                        ","RegionID":1,"Region":{"__deferred":{"uri":"https://services.odata.org/V2/Northwind/Northwind.svc/Territories('40222')/Region"}},"Employees":{"__deferred":{"uri":"https://services.odata.org/V2/Northwind/Northwind.svc/Territories('40222')/Employees"}}},{"__metadata":{"uri":"https://services.odata.org/V2/Northwind/Northwind.svc/Territories('44122')","type":"NorthwindModel.Territory"},"TerritoryID":"44122","TerritoryDescription":"Beachwood                                         ","RegionID":3,"Region":{"__deferred":{"uri":"https://services.odata.org/V2/Northwind/Northwind.svc/Territories('44122')/Region"}},"Employees":{"__deferred":{"uri":"https://services.odata.org/V2/Northwind/Northwind.svc/Territories('44122')/Employees"}}},{"__metadata":{"uri":"https://services.odata.org/V2/Northwind/Northwind.svc/Territories('45839')","type":"NorthwindModel.Territory"},"TerritoryID":"45839","TerritoryDescription":"Findlay                                           ","RegionID":3,"Region":{"__deferred":{"uri":"https://services.odata.org/V2/Northwind/Northwind.svc/Territories('45839')/Region"}},"Employees":{"__deferred":{"uri":"https://services.odata.org/V2/Northwind/Northwind.svc/Territories('45839')/Employees"}}},{"__metadata":{"uri":"https://services.odata.org/V2/Northwind/Northwind.svc/Territories('48075')","type":"NorthwindModel.Territory"},"TerritoryID":"48075","TerritoryDescription":"Southfield                                        ","RegionID":3,"Region":{"__deferred":{"uri":"https://services.odata.org/V2/Northwind/Northwind.svc/Territories('48075')/Region"}},"Employees":{"__deferred":{"uri":"https://services.odata.org/V2/Northwind/Northwind.svc/Territories('48075')/Employees"}}},{"__metadata":{"uri":"https://services.odata.org/V2/Northwind/Northwind.svc/Territories('48084')","type":"NorthwindModel.Territory"},"TerritoryID":"48084","TerritoryDescription":"Troy                                              ","RegionID":3,"Region":{"__deferred":{"uri":"https://services.odata.org/V2/Northwind/Northwind.svc/Territories('48084')/Region"}},"Employees":{"__deferred":{"uri":"https://services.odata.org/V2/Northwind/Northwind.svc/Territories('48084')/Employees"}}},{"__metadata":{"uri":"https://services.odata.org/V2/Northwind/Northwind.svc/Territories('48304')","type":"NorthwindModel.Territory"},"TerritoryID":"48304","TerritoryDescription":"Bloomfield Hills                                  ","RegionID":3,"Region":{"__deferred":{"uri":"https://services.odata.org/V2/Northwind/Northwind.svc/Territories('48304')/Region"}},"Employees":{"__deferred":{"uri":"https://services.odata.org/V2/Northwind/Northwind.svc/Territories('48304')/Employees"}}},{"__metadata":{"uri":"https://services.odata.org/V2/Northwind/Northwind.svc/Territories('53404')","type":"NorthwindModel.Territory"},"TerritoryID":"53404","TerritoryDescription":"Racine                                            ","RegionID":3,"Region":{"__deferred":{"uri":"https://services.odata.org/V2/Northwind/Northwind.svc/Territories('53404')/Region"}},"Employees":{"__deferred":{"uri":"https://services.odata.org/V2/Northwind/Northwind.svc/Territories('53404')/Employees"}}},{"__metadata":{"uri":"https://services.odata.org/V2/Northwind/Northwind.svc/Territories('55113')","type":"NorthwindModel.Territory"},"TerritoryID":"55113","TerritoryDescription":"Roseville                                         ","RegionID":3,"Region":{"__deferred":{"uri":"https://services.odata.org/V2/Northwind/Northwind.svc/Territories('55113')/Region"}},"Employees":{"__deferred":{"uri":"https://services.odata.org/V2/Northwind/Northwind.svc/Territories('55113')/Employees"}}},{"__metadata":{"uri":"https://services.odata.org/V2/Northwind/Northwind.svc/Territories('55439')","type":"NorthwindModel.Territory"},"TerritoryID":"55439","TerritoryDescription":"Minneapolis                                       ","RegionID":3,"Region":{"__deferred":{"uri":"https://services.odata.org/V2/Northwind/Northwind.svc/Territories('55439')/Region"}},"Employees":{"__deferred":{"uri":"https://services.odata.org/V2/Northwind/Northwind.svc/Territories('55439')/Employees"}}},{"__metadata":{"uri":"https://services.odata.org/V2/Northwind/Northwind.svc/Territories('60179')","type":"NorthwindModel.Territory"},"TerritoryID":"60179","TerritoryDescription":"Hoffman Estates                                   ","RegionID":2,"Region":{"__deferred":{"uri":"https://services.odata.org/V2/Northwind/Northwind.svc/Territories('60179')/Region"}},"Employees":{"__deferred":{"uri":"https://services.odata.org/V2/Northwind/Northwind.svc/Territories('60179')/Employees"}}},{"__metadata":{"uri":"https://services.odata.org/V2/Northwind/Northwind.svc/Territories('60601')","type":"NorthwindModel.Territory"},"TerritoryID":"60601","TerritoryDescription":"Chicago                                           ","RegionID":2,"Region":{"__deferred":{"uri":"https://services.odata.org/V2/Northwind/Northwind.svc/Territories('60601')/Region"}},"Employees":{"__deferred":{"uri":"https://services.odata.org/V2/Northwind/Northwind.svc/Territories('60601')/Employees"}}},{"__metadata":{"uri":"https://services.odata.org/V2/Northwind/Northwind.svc/Territories('72716')","type":"NorthwindModel.Territory"},"TerritoryID":"72716","TerritoryDescription":"Bentonville                                       ","RegionID":4,"Region":{"__deferred":{"uri":"https://services.odata.org/V2/Northwind/Northwind.svc/Territories('72716')/Region"}},"Employees":{"__deferred":{"uri":"https://services.odata.org/V2/Northwind/Northwind.svc/Territories('72716')/Employees"}}},{"__metadata":{"uri":"https://services.odata.org/V2/Northwind/Northwind.svc/Territories('75234')","type":"NorthwindModel.Territory"},"TerritoryID":"75234","TerritoryDescription":"Dallas                                            ","RegionID":4,"Region":{"__deferred":{"uri":"https://services.odata.org/V2/Northwind/Northwind.svc/Territories('75234')/Region"}},"Employees":{"__deferred":{"uri":"https://services.odata.org/V2/Northwind/Northwind.svc/Territories('75234')/Employees"}}},{"__metadata":{"uri":"https://services.odata.org/V2/Northwind/Northwind.svc/Territories('78759')","type":"NorthwindModel.Territory"},"TerritoryID":"78759","TerritoryDescription":"Austin                                            ","RegionID":4,"Region":{"__deferred":{"uri":"https://services.odata.org/V2/Northwind/Northwind.svc/Territories('78759')/Region"}},"Employees":{"__deferred":{"uri":"https://services.odata.org/V2/Northwind/Northwind.svc/Territories('78759')/Employees"}}},{"__metadata":{"uri":"https://services.odata.org/V2/Northwind/Northwind.svc/Territories('80202')","type":"NorthwindModel.Territory"},"TerritoryID":"80202","TerritoryDescription":"Denver                                            ","RegionID":2,"Region":{"__deferred":{"uri":"https://services.odata.org/V2/Northwind/Northwind.svc/Territories('80202')/Region"}},"Employees":{"__deferred":{"uri":"https://services.odata.org/V2/Northwind/Northwind.svc/Territories('80202')/Employees"}}},{"__metadata":{"uri":"https://services.odata.org/V2/Northwind/Northwind.svc/Territories('80909')","type":"NorthwindModel.Territory"},"TerritoryID":"80909","TerritoryDescription":"Colorado Springs                                  ","RegionID":2,"Region":{"__deferred":{"uri":"https://services.odata.org/V2/Northwind/Northwind.svc/Territories('80909')/Region"}},"Employees":{"__deferred":{"uri":"https://services.odata.org/V2/Northwind/Northwind.svc/Territories('80909')/Employees"}}},{"__metadata":{"uri":"https://services.odata.org/V2/Northwind/Northwind.svc/Territories('85014')","type":"NorthwindModel.Territory"},"TerritoryID":"85014","TerritoryDescription":"Phoenix                                           ","RegionID":2,"Region":{"__deferred":{"uri":"https://services.odata.org/V2/Northwind/Northwind.svc/Territories('85014')/Region"}},"Employees":{"__deferred":{"uri":"https://services.odata.org/V2/Northwind/Northwind.svc/Territories('85014')/Employees"}}},{"__metadata":{"uri":"https://services.odata.org/V2/Northwind/Northwind.svc/Territories('85251')","type":"NorthwindModel.Territory"},"TerritoryID":"85251","TerritoryDescription":"Scottsdale                                        ","RegionID":2,"Region":{"__deferred":{"uri":"https://services.odata.org/V2/Northwind/Northwind.svc/Territories('85251')/Region"}},"Employees":{"__deferred":{"uri":"https://services.odata.org/V2/Northwind/Northwind.svc/Territories('85251')/Employees"}}},{"__metadata":{"uri":"https://services.odata.org/V2/Northwind/Northwind.svc/Territories('90405')","type":"NorthwindModel.Territory"},"TerritoryID":"90405","TerritoryDescription":"Santa Monica                                      ","RegionID":2,"Region":{"__deferred":{"uri":"https://services.odata.org/V2/Northwind/Northwind.svc/Territories('90405')/Region"}},"Employees":{"__deferred":{"uri":"https://services.odata.org/V2/Northwind/Northwind.svc/Territories('90405')/Employees"}}},{"__metadata":{"uri":"https://services.odata.org/V2/Northwind/Northwind.svc/Territories('94025')","type":"NorthwindModel.Territory"},"TerritoryID":"94025","TerritoryDescription":"Menlo Park                                        ","RegionID":2,"Region":{"__deferred":{"uri":"https://services.odata.org/V2/Northwind/Northwind.svc/Territories('94025')/Region"}},"Employees":{"__deferred":{"uri":"https://services.odata.org/V2/Northwind/Northwind.svc/Territories('94025')/Employees"}}},{"__metadata":{"uri":"https://services.odata.org/V2/Northwind/Northwind.svc/Territories('94105')","type":"NorthwindModel.Territory"},"TerritoryID":"94105","TerritoryDescription":"San Francisco                                     ","RegionID":2,"Region":{"__deferred":{"uri":"https://services.odata.org/V2/Northwind/Northwind.svc/Territories('94105')/Region"}},"Employees":{"__deferred":{"uri":"https://services.odata.org/V2/Northwind/Northwind.svc/Territories('94105')/Employees"}}},{"__metadata":{"uri":"https://services.odata.org/V2/Northwind/Northwind.svc/Territories('95008')","type":"NorthwindModel.Territory"},"TerritoryID":"95008","TerritoryDescription":"Campbell                                          ","RegionID":2,"Region":{"__deferred":{"uri":"https://services.odata.org/V2/Northwind/Northwind.svc/Territories('95008')/Region"}},"Employees":{"__deferred":{"uri":"https://services.odata.org/V2/Northwind/Northwind.svc/Territories('95008')/Employees"}}},{"__metadata":{"uri":"https://services.odata.org/V2/Northwind/Northwind.svc/Territories('95054')","type":"NorthwindModel.Territory"},"TerritoryID":"95054","TerritoryDescription":"Santa Clara                                       ","RegionID":2,"Region":{"__deferred":{"uri":"https://services.odata.org/V2/Northwind/Northwind.svc/Territories('95054')/Region"}},"Employees":{"__deferred":{"uri":"https://services.odata.org/V2/Northwind/Northwind.svc/Territories('95054')/Employees"}}},{"__metadata":{"uri":"https://services.odata.org/V2/Northwind/Northwind.svc/Territories('95060')","type":"NorthwindModel.Territory"},"TerritoryID":"95060","TerritoryDescription":"Santa Cruz                                        ","RegionID":2,"Region":{"__deferred":{"uri":"https://services.odata.org/V2/Northwind/Northwind.svc/Territories('95060')/Region"}},"Employees":{"__deferred":{"uri":"https://services.odata.org/V2/Northwind/Northwind.svc/Territories('95060')/Employees"}}},{"__metadata":{"uri":"https://services.odata.org/V2/Northwind/Northwind.svc/Territories('98004')","type":"NorthwindModel.Territory"},"TerritoryID":"98004","TerritoryDescription":"Bellevue                                          ","RegionID":2,"Region":{"__deferred":{"uri":"https://services.odata.org/V2/Northwind/Northwind.svc/Territories('98004')/Region"}},"Employees":{"__deferred":{"uri":"https://services.odata.org/V2/Northwind/Northwind.svc/Territories('98004')/Employees"}}},{"__metadata":{"uri":"https://services.odata.org/V2/Northwind/Northwind.svc/Territories('98052')","type":"NorthwindModel.Territory"},"TerritoryID":"98052","TerritoryDescription":"Redmond                                           ","RegionID":2,"Region":{"__deferred":{"uri":"https://services.odata.org/V2/Northwind/Northwind.svc/Territories('98052')/Region"}},"Employees":{"__deferred":{"uri":"https://services.odata.org/V2/Northwind/Northwind.svc/Territories('98052')/Employees"}}},{"__metadata":{"uri":"https://services.odata.org/V2/Northwind/Northwind.svc/Territories('98104')","type":"NorthwindModel.Territory"},"TerritoryID":"98104","TerritoryDescription":"Seattle                                           ","RegionID":2,"Region":{"__deferred":{"uri":"https://services.odata.org/V2/Northwind/Northwind.svc/Territories('98104')/Region"}},"Employees":{"__deferred":{"uri":"https://services.odata.org/V2/Northwind/Northwind.svc/Territories('98104')/Employees"}}}]